username,tweet
pinochiao,gratis ongkos kirim rp voucher diskon ribu
pinochiao,omo omo gasabar
pinochiao,coba gadis suruh kuli
pinochiao,cinta kisah kuliah menggemaskan
pinochiao,kim ji muda born
pinochiao,bioskop laboratorium sastra jenis
pinochiao,batal
pinochiao,deh marin tolong hubung suami jelek
pinochiao,cemil basreng pedas makaroni pedas beuuhh
pinochiao,mie hantu lada
pinochiao,varian matcha sih juara
pinochiao,tenang malu
pinochiao,ketemu jb jb tolong sih eh lulus
pinochiao,alhamdulillah kelompok
pinochiao,batal
pinochiao,gratis ongkos kirim rp voucher diskon ribu ramadan ekstra jual
pinochiao,hapus teams selesai
pinochiao,tulis lulus lulus
pinochiao,umur iya
pinochiao,coba nyeri tekan sih menit sembuh
pinochiao,gemas
pinochiao,sedih
pinochiao,gasabar
pinochiao,link kosong gratis ongkos kirim rp ramadan thr jual
pinochiao,ah
pinochiao,yuk fast sirbal
pinochiao,yuk sisa fast sirbal
pinochiao,yuk jamin fast sirbal
pinochiao,fast sirbal pemberi harapan palsu
pinochiao,jamin fast sirbal
pinochiao,fastsirbal pemberi harapan palsu
pinochiao,slot ayo
pinochiao,fast sirbal pemberi harapan palsu
pinochiao,ayo fast sirbal sisa
pinochiao,fast sirbal ayo pagi fresh slot
pinochiao,link sisa fast sirbal
pinochiao,fast sirbal
pinochiao,kosong utama
pinochiao,ayo fast sirbal serius
pinochiao,akun softbanned menyimak
pinochiao,fast sirbal nih sloot
pinochiao,penuh teman teman terimakasih
pinochiao,gratis ongkos kirim rp ramadan mega jual
pinochiao,batal
pinochiao,laiya lupa
pinochiao,yeay hikmah ramadhan upa voucher cashback belanja klik link ajak teman vouchernya
pinochiao,yeay hikmah ramadhan upa voucher cashback belanja klik link ajak teman vouchernya
pinochiao,yeay hikmah ramadhan upa voucher cashback belanja klik link ajak teman vouchernya
pinochiao,penuh terimakasih
pinochiao,gratong
pinochiao,umum sbm salah
pinochiao,fv goib iya
pinochiao,batal
pinochiao,voc permainan
pinochiao,tanggal
pinochiao,promosi murah meriah shopeepay april iya
pinochiao,voucher permainan
pinochiao,pakai sopi murah oke gais
pinochiao,beli pulsa scan dagang beli kode voc permainan
pinochiao,ih lumayan sayang pakai
pinochiao,ayo fast sirbal pemberi harapan palsu
pinochiao,fast sirball ayo
pinochiao,ayo sirbal sedih panen
pinochiao,ayo sirbal nih
pinochiao,sih bajing harvard
pinochiao,gercep jamin sisa
pinochiao,ayo sisa nih
pinochiao,fast sirbal ayo
pinochiao,fast sirbal
pinochiao,fast sirbal ayo
pinochiao,fast sirbal ayo pemberi harapan palsu
pinochiao,ayo gratis voucher belanja jajan total ribu shopeepay mega cashback
pinochiao,kosong gratis voucher belanja jajan total ribu shopeepay mega cashback
pinochiao,gratis voucher belanja jajan total ribu shopeepay mega cashback
pinochiao,fast sirbal ayo pemberi harapan palsu
pinochiao,slot
pinochiao,gratis ongkos kirim minimum belanja shopee bagikan
pinochiao,gratis voucher belanja jajan total ribu shopeepay mega cashback
pinochiao,jurnalistik ilmu komputer
pinochiao,berani tawa
pinochiao,sopan sepatu baju kerah
pinochiao,ayo
pinochiao,gercep
pinochiao,bantu menang hadiah rp klik unduh aplikasi
pinochiao,fast sirball ayo kosong
pinochiao,kosong gratis ongkos kirim minimum belanja shopee bagikan
pinochiao,ayo fast sirbal
pinochiao,gratis voucher kopi cemil total ribu shopeepay mega cashback
pinochiao,batal
pinochiao,akun softbanned
pinochiao,otomatis
pinochiao,sih beli toko range harga
pinochiao,selai selai
pinochiao,maaf
pinochiao,kirim turun link iya
pinochiao,fast sirbal sisa yuk
pinochiao,penuh gratis voucher emas voucher dagang online shopeepay nila total puluh juta rupiah
pinochiao,fast sirbal jamin
pinochiao,fast sirbal jamin
pinochiao,fast sirbal jamin
pinochiao,fast sirbal
pinochiao,sisa ayo
pinochiao,sisa
pinochiao,ayo sisa
pinochiao,batal
pinochiao,toko kah beli bilang toko sedia
pinochiao,raksasa tutup
pinochiao,eh
pinochiao,flash voucher
pinochiao,belanja mc saudara habis tawa
pinochiao,coba oke
pinochiao,batal
pinochiao,beli ayashahijab
pinochiao,batal
pinochiao,voc oke darimana sih drtadi seliwer voc oke fv minbel oke
pinochiao,untung rugi
pinochiao,batal
pinochiao,voc toko darimana
pinochiao,kemarin beli diskon oke
pinochiao,batal
pinochiao,ayo janji sirbal
pinochiao,iya target pasar sayang
pinochiao,bom nyala alfa sih nyala
pinochiao,iya
pinochiao,pakai freeong dibanner
pinochiao,klaim voc habis
pinochiao,malu
pinochiao,pengirim susu promosi gantung kemarin
pinochiao,wkkwkwkw
pinochiao,watson sih
pinochiao,iya
pinochiao,yuk fast sirbal batas hapus
pinochiao,yuk fast panenn
pinochiao,ayo fresh batas hapus
pinochiao,shopeepay spesial bagikan total voucher tanggal feb rusak
pinochiao,shopeepay spesial bagikan total voucher tanggal feb rusak
pinochiao,shopeepay spesial bagikan total voucher tanggal feb rusak
pinochiao,dimasuki voc freeong otomatis
pinochiao,pengirim
pinochiao,struk produk beli wajib pisah struk
pinochiao,dicombo
pinochiao,pokok beli pengirim iya
pinochiao,bahas rawat kulit
pinochiao,ayo gais sirbal iya
pinochiao,kosong gaiss shopeepay spesial bagikan total voucher tanggal feb rusak
pinochiao,shopeepay spesial bagikan total voucher tanggal feb rusak
pinochiao,ayo
pinochiao,pakai diskon deteksi alamat
pinochiao,ademu toped
pinochiao,kip universitas sih umum iya habis terima
pinochiao,lazada peristiwa percaya tolong berhenti
pinochiao,rawat kulit cosmemurah tnt indah toko coba iya
pinochiao,informasi toko pakai voc
pinochiao,gratis voucher gratis ongkos kirim voucher ribu shopee
pinochiao,terimakasih
pinochiao,beli pengirim butuh
pinochiao,fast sirball bosan utama shopee tanam panen pohon tabung ayo lipat ganda koin
pinochiao,salah salin an saudara
pinochiao,out of topic
pinochiao,ken coba
pinochiao,ngilu baca
pinochiao,sisa ayo
pinochiao,akun kebanned
pinochiao,ah pakai voc tokopedia pengirim
pinochiao,fast sirball utama shopee tanam panen pohon tabung ayo lipat ganda koin
pinochiao,fast sirbal utama shopee tanam panen pohon tabung ayo lipat ganda koin
pinochiao,ayo ayo batas delete
pinochiao,combo voc toko oke lumayan freeong minbel oke
pinochiao,daftar ui doamg
pinochiao,ayo fast sirbal
pinochiao,jet
pinochiao,gelar lapak bazar pondok sekolah jelek karya malu
pinochiao,saudara tim marketing
pinochiao,tawa
pinochiao,ayo
pinochiao,voc tsel sopi
pinochiao,saudara smartfren
pinochiao,iya beli sesuai butuh kadang dicombo vc toko mantap
pinochiao,jarang mentengin dasar sih isi racun buka grup gulir media tinggal saudara
pinochiao,ayo fresh pemberi harapan palsu
pinochiao,iya seblak blakan instagram
pinochiao,pengirim instastory
pinochiao,tawa buka curiga kasir
pinochiao,sisa gercep ayo kebun utama shopee tanam panen pohon tabung ayo lipat ganda koin
pinochiao,gercep ayo dikebunih sisa
pinochiao,yuk sisa fast sirbal utama shopee tanam panen pohon tabung ayo lipat ganda koin
pinochiao,fast sirbal ayo utama shopee tanam panen pohon tabung ayo lipat ganda koin
pinochiao,ayo saudara laki hangat utama shopee tanam panen pohon tabung ayo lipat ganda koin
pinochiao,ayo ayo fast sirbal
pinochiao,sirbal ayo
pinochiao,rindu alloct
pinochiao,ayo
pinochiao,tokopedia pakai ban kayaknya ns
pinochiao,utama
pinochiao,hamdalah deh aman
pinochiao,nada
pinochiao,yuk fast sirbal bosan
pinochiao,ayo sirbal
pinochiao,ns
pinochiao,belah deals saudara
pinochiao,anak marketing iya pengirim
pinochiao,tawa
pinochiao,siswa hak
pinochiao,sayang
pinochiao,pakai hpgkilat kah ih cincin cahaya
pinochiao,batal
pinochiao,tutup anggota saudara
pinochiao,dom limpah ruah terima hibah nuker
pinochiao,sirbal
pinochiao,kesini
pinochiao,udara
pinochiao,potong
pinochiao,kode
pinochiao,coba
pinochiao,titip nasib
pinochiao,iri iya pengirim malu
pinochiao,kode mcd tahun aplikasi mcd
pinochiao,restock alfagift
pinochiao,sq
pinochiao,sq manis toblerone manis gula manis coklat texturenya padat ns
pinochiao,iya bayar voc oke minbel voc pakai produk
pinochiao,batal
pinochiao,sih iya saudara coba
pinochiao,voucher klub warna hitam segar
pinochiao,pb iya makas
pinochiao,profil lazada uname foto profil akun akun
pinochiao,daftar voc anggota lazada voc oke voc oke akumulasi voc minggu total oke oke pikir koreksi
pinochiao,mouse
pinochiao,bantu buah teh minggu realgood nano tanggal koreksi ns
pinochiao,beda luwak gabung realgood koreksi
pinochiao,batal
pinochiao,out of topic
pinochiao,beli
pinochiao,fast sirbal notif
pinochiao,yuk saudara laki slot
pinochiao,fast sirbal pemberi harapan palsu
pinochiao,fast sirbal ayo utama shopee tanam panen pohon tabung ayo lipat ganda koin
pinochiao,ayo fast sirbal utama shopee tanam panen pohon tabung ayo lipat ganda koin
pinochiao,fast sirbal pemberi harapan palsu
pinochiao,tidur ajar
pinochiao,halaman pilih ekspedisi ganti
pinochiao,batal
pinochiao,barcode saudara
pinochiao,batal
pinochiao,batal
pinochiao,senang
pinochiao,out of topic ah
pinochiao,pakai voc
pinochiao,kuk out of topic rep tanda pampam iya
pinochiao,cosrx tertawa bha diskon butuh
pinochiao,sks nama iya selai ajar minggu matkul iya ajar koreksi
pinochiao,bagikan total voucher shopeepay cashback festival feb
pinochiao,pikir
pinochiao,out of topic
pinochiao,out of topic
pinochiao,duga
pinochiao,tunggu selai keburu habis iya
pinochiao,alhamdulillah malu
pinochiao,out of topic
pinochiao,fast sirbal yuk saudara laki slot utama shopee tanam panen pohon tabung ayo lipat ganda koin
pinochiao,heran rezeki angpau blibli upa voucher cashback total rp klik link belanja uang
pinochiao,peristiwa glak klik notif soconya des salah
pinochiao,fast sirbal ayo pemberi harapan palsu sisa
pinochiao,beranda
pinochiao,lelah iya ngesave
pinochiao,tawa iya
pinochiao,rindu solat kelas
pinochiao,ayo sirbal pemberi harapan palsu utama shopee tanam udara bantu tetes
pinochiao,fast sirbal ayo pemberi harapan palsu utama shopee tanam udara bantu tetes
pinochiao,makas kuk
pinochiao,fast sirbal yuk slot saudara laki utama shopee tanam udara bantu tetes
pinochiao,mantul selamat
pinochiao,out of topic ah
pinochiao,ayo gercepp sisa notif sirbal
pinochiao,fast sirbal pemberi harapan palsu
pinochiao,fast sirbal ayo sisa pemberi harapan palsu
pinochiao,iya saudara maaf
pinochiao,oh maaf
pinochiao,alamat
pinochiao,putri hours
pinochiao,piring ndee
pinochiao,gara dobel promosi murah
pinochiao,saudara tanda akun resmi
pinochiao,ayo sirbal jamin jujur
pinochiao,omong omong potong koin barcode pengirim kilometer kasir potong koin
pinochiao,widi selamat
pinochiao,out of topic deh
pinochiao,sabar area baca anak jabode jatuh
pinochiao,produk
pinochiao,otomatis kah
pinochiao,mantul selamat iya
pinochiao,smartfren batas oke
pinochiao,nde kirim bajing dus iya
pinochiao,pusing baca
pinochiao,fast sirbal yuk sisa
pinochiao,jujur ayo sisa utama tanam udara penuh cepat udara bantu tetes
pinochiao,sisa ayo fast sirbal utama tanam udara penuh cepat udara bantu tetes
pinochiao,ayo ayo sirbal pemberi harapan palsu utama tanam udara penuh cepat udara bantu tetes
pinochiao,nyala gps coba
pinochiao,malu pesan iya
pinochiao,saudara
pinochiao,fast sirbal ayo saudara laki slot
pinochiao,minbel oke oke
pinochiao,wib kupon freeong
pinochiao,sisa ayo fast sirbal utama tanam udara penuh cepat udara bantu tetes
pinochiao,fast sirbal ayo utama tanam udara penuh cepat udara bantu tetes
pinochiao,fast sirbal yuk selagi bosan ayo panen pohon tabung lipat ganda koin
pinochiao,fast sirbal yuk selagi bosan ayo panen pohon tabung lipat ganda koin
pinochiao,anak pergi iya
pinochiao,fast sirbal yuk selagi bosan ayo panen pohon tabung lipat ganda koin
pinochiao,sedih
pinochiao,out of topic ah
pinochiao,kode cakram grabamart
pinochiao,pakai grabamart selai ns
pinochiao,fast sirbal ayo saudara laki slot
pinochiao,fast sirbal
pinochiao,voc coba bingung belikan belikan token
pinochiao,batal
pinochiao,nama lintas minat malu
pinochiao,fast sirbal ayo
pinochiao,otomatis sirbal ayo sisa
pinochiao,fasy sirbal ayo sisa
pinochiao,serah sih ajar urus susah
pinochiao,suka cemil
pinochiao,out of topic
pinochiao,pengirim potong toko
pinochiao,facebook saudara
pinochiao,sih denom
pinochiao,baca snk ayo
pinochiao,dreng bagus pengirim
pinochiao,oh pakai bcabbi kah
pinochiao,keren nisa ngejar promoan
pinochiao,coba gps nyala
pinochiao,halaman sih
pinochiao,ayo fast sirbal ayo panen pohon tabung lipat ganda koin
pinochiao,gaess kosong gratis voucher gratis ongkos kirim voucher ribu shopee
pinochiao,fast sirbal ayo
pinochiao,suka teman bawa plastik kelas eh jatah ambil kembaliin xiixix
pinochiao,loh umum november sih eh desember iya
pinochiao,semoga cepat sembuh pengirim
pinochiao,selamat tinggal ah harga disoco kode voc an
pinochiao,tonton teman pulang sekolah
pinochiao,sahaja
pinochiao,enfagrow
pinochiao,kumpul link woop
pinochiao,belah sih pengirim iya
pinochiao,povider
pinochiao,lil wayne jembatan
pinochiao,ayo cefatt cefatt sisa
pinochiao,ayo fast sirbal ayo sisa
pinochiao,ns
pinochiao,bagus iya
pinochiao,ayo slott
pinochiao,ayo ayo sirbal
pinochiao,salah mtk wajib kelas
pinochiao,tawa pocky diskon psm salah minggu deh
pinochiao,adekku mei besok umur
pinochiao,ayo sisa fast sirbal bosan ayo panen pohon tabung lipat ganda koin
pinochiao,suka gaya
pinochiao,fast sirbal yuk bosan ayo panen pohon tabung lipat ganda koin
pinochiao,ayo fast sirbal ayo panen pohon tabung lipat ganda koin
pinochiao,oh selai an sih
pinochiao,saudara
pinochiao,bagus saudara bahan
pinochiao,ayo ayo otomatis sirbal
pinochiao,ayo sirbal
pinochiao,ayo fast sirbal
pinochiao,ayo fast sirbal slot
pinochiao,ayo fast sirbal slot
pinochiao,ayo fast sirbal slot
pinochiao,ayo fast sirbal slot
pinochiao,fast sirbal ayo panen pohon tabung lipat ganda koin
pinochiao,akmil magelang kah situ
pinochiao,iya
pinochiao,gass sirbal sisa ayo ayo panen pohon tabung lipat ganda koin
pinochiao,ubah nik salah ganti akun
pinochiao,ayo ayo fast sirbal slot ayo panen pohon tabung lipat ganda koin
pinochiao,oke terimakasih saudara harga ubah
pinochiao,out of topic ah
pinochiao,spil toko saudara
pinochiao,si saudara
pinochiao,aduh berat favorit
pinochiao,iya
pinochiao,sayang
pinochiao,bajing nyerempet out of topic
pinochiao,spesial
pinochiao,matcha salah favorit launching malu
pinochiao,ayo ayo fast sirbal
pinochiao,fast sirbal ayo slot
pinochiao,fast sirbal pemberi harapan palsu
pinochiao,batal
pinochiao,ayo sirbal slot ayo panen pohon tabung lipat ganda koin
pinochiao,hahh misi
pinochiao,batas terimakasih
pinochiao,ayo penuh otomatis sirbal
pinochiao,susah sesak habis
pinochiao,mr sinar matahari
pinochiao,penuh sirbal ayo panen pohon tabung lipat ganda koin
pinochiao,sirbal ayo panen pohon tabung lipat ganda koin
pinochiao,tangis terkait
pinochiao,ayo ayo sirball slott ayo panen pohon tabung lipat ganda koin
pinochiao,iya mastiin kasir nunjukin gambar ayo bilang saudara wanita coba discan
pinochiao,bagus suka okee
pinochiao,titip tangis st kering
pinochiao,makas
pinochiao,ayo ayo fast sirbal
pinochiao,grup
pinochiao,sih pengirim
pinochiao,nisa pengirim pilih iya
pinochiao,iya belanja alfa pakai sopay coba
pinochiao,ayo otomatis sirbal slot
pinochiao,deh pengirim
pinochiao,ayo ayo sirbal pemberi harapan palsu ayo panen pohon tabung lipat ganda koin
pinochiao,ayo sirball ayo panen pohon tabung lipat ganda koin
pinochiao,ayo sirbal sirbal
pinochiao,kemah akmil akademi militer magelang outbound tidur kamar asrama cemil disiapin cemil sehat sempurna tangis rindu
pinochiao,batal
pinochiao,ayo sirbal
pinochiao,out of topic
pinochiao,habis bunda
pinochiao,out of topic sih
pinochiao,out of topic
pinochiao,sirbal
pinochiao,garnier sunscreen desember lolos verif iya bom
pinochiao,menfess iya
pinochiao,socobox saudara socobox acak ngirimnya perbarui kirim kirim bajing
pinochiao,iya tuhan sakit
pinochiao,out of topic
pinochiao,jamin sirbal
pinochiao,sirbal ayo panen pohon tabung lipat ganda koin
pinochiao,ayo kosong sirbal ayo panen pohon tabung lipat ganda koin
pinochiao,sante pengirim mayb grup suka diskon
pinochiao,tangis iri sih
pinochiao,out of topic
pinochiao,out of topic
pinochiao,ayo ayo bom batas sirball ayo panen pohon tabung lipat ganda koin
pinochiao,cha eun jae
pinochiao,batal
pinochiao,isi
pinochiao,koo hpnya
pinochiao,rak wallpaper beli pengirim
pinochiao,mulia
pinochiao,indomaret bom tangis bawa uang gugup an
pinochiao,oke kukka
pinochiao,jual pengirim
pinochiao,pengirim
pinochiao,koleksi
pinochiao,datadiri otomatis isi iya
pinochiao,huangjisoo bom iya
pinochiao,salah harap daftar
pinochiao,tangis menang
pinochiao,isat
pinochiao,saudara
pinochiao,tinggal
pinochiao,kas
pinochiao,mon maaf tawa
pinochiao,batal
pinochiao,ngurang
pinochiao,ayo penuh ayo panen pohon tabung lipat ganda koin
pinochiao,sirbal
pinochiao,akun kunci
pinochiao,cari dom pengirim
pinochiao,titip
pinochiao,ayo
pinochiao,ayo ayo sirbal
pinochiao,flash jual pengirim tarik
pinochiao,out of topic
pinochiao,makas kak si
pinochiao,andrea tertawa
pinochiao,tangis suruh cinta oke uang tangis
pinochiao,video tiktok
pinochiao,ayo panen pohon tabung lipat ganda koin
pinochiao,ayo panen pohon tabung lipat ganda koin
pinochiao,ayo panen pohon tabung lipat ganda koin
pinochiao,link ayo periksa bayar tagih shopee tawar shopee
pinochiao,ayo ayo
pinochiao,catat bagan sederhana sih lupa baca mudah ehehe
pinochiao,cosrx imitasi
pinochiao,batal
pinochiao,iya ampun
pinochiao,bahaya
pinochiao,batal
pinochiao,ayo panen pohon tabung lipat ganda koin
pinochiao,ayo panen pohon tabung lipat ganda koin
pinochiao,mandiri receh
pinochiao,ayo panen pohon tabung lipat ganda koin
pinochiao,out of topic
pinochiao,nama yaocos
pinochiao,ayo panen pohon tabung lipat ganda koin
pinochiao,batal
pinochiao,batal
pinochiao,bau lumpia pakai rebung asli
pinochiao,tangis
pinochiao,iri burger
pinochiao,periksa pesan iya
pinochiao,saudara cv
pinochiao,id dom sen malam siang pengirim
pinochiao,ngereff saudara
pinochiao,asli
pinochiao,persis
pinochiao,iya puding
pinochiao,umum tanggal pengirim tolong
pinochiao,batal
pinochiao,spam komentar
pinochiao,iya tuhan
pinochiao,makas pengirim
pinochiao,tunggu turun beli
pinochiao,nama bayar oke aduh
pinochiao,diskon saudara
pinochiao,foto
pinochiao,sikap kuasa keluarga
pinochiao,november
pinochiao,pakai keren gilir pakai pergi madrasah
pinochiao,terima kasih iya
pinochiao,titip pusing baca
pinochiao,batal
pinochiao,makas dijelasin
pinochiao,oh loreal emina nivea chemical ss iya
pinochiao,fisik sunscreen
pinochiao,tos
pinochiao,iya beli bakso oke ayo cilok oke ayo gilir oke serasa mahal
pinochiao,goreng pakai api
pinochiao,lipen
pinochiao,tawa
pinochiao,aduh beranda sih
pinochiao,produk kode
pinochiao,terimakasih
pinochiao,dasar kukka tahun
pinochiao,jateng ongkirnya
pinochiao,iya ngebug kah
pinochiao,kalung salib kitab bersih malu
pinochiao,cepat cepatan ajar alam
pinochiao,susah cari uang emosi
pinochiao,iya bodoh
pinochiao,emosi iya senang ekonomi jalan lancar
pinochiao,batal
pinochiao,toasted
pinochiao,batal
pinochiao,tahun nge hype
pinochiao,pict tahan
pinochiao,tele nama kukka
pinochiao,sah
pinochiao,makas minwu dipolbek
pinochiao,selamat tinggal
pinochiao,ah maybelline grup suka voc beli lipstik maybelline oreal ribu senang wkkwk diskon teplon beli ituloh listrik diskon beli senangi
pinochiao,mantap baca nyanyi
pinochiao,saudara tangis ngabisin koin sopi oke gara utama sopi permen
pinochiao,ih takut coba tetangga pintu
pinochiao,batal
pinochiao,diblibi iya kemarin baca diblibli
pinochiao,iya
pinochiao,saudara nyangkut coba beli dimana iya
pinochiao,out of topic pengirim
pinochiao,selamat
pinochiao,ekse kemarin
pinochiao,salah fokus wonokromo film bumi manusia sih
pinochiao,batal
pinochiao,batal
pinochiao,nuyul pengirim
pinochiao,voucher menang giveaway iya
pinochiao,mandiri bni bayar receh
pinochiao,beli rawat kulit gratis dibayarin
pinochiao,akun minggu itusih verif lain-lain insya tuhan aman iya batas saudara laki banding
pinochiao,batal
pinochiao,naisilian
pinochiao,out of topic
pinochiao,voucher salag
pinochiao,saudara wanita ambil sen alfagift nama barang
pinochiao,concerto
pinochiao,miskin bunda
pinochiao,loh beli nanggung ongkos kirim
pinochiao,ngilu baca
pinochiao,merinding
pinochiao,batal
pinochiao,iya sekolah tahun rumah bosan menikah umur hidup
pinochiao,out of topic pengirim
pinochiao,kaliwungu
pinochiao,out of topic sih
pinochiao,iya pamer diskon teman rl
pinochiao,pakai voc
pinochiao,ngereff saudara
pinochiao,sabar
pinochiao,bodong
pinochiao,iya terang sih
pinochiao,voc shopeepay aplikasi chatime iya terang loh tolong tindak iya
pinochiao,pikir
pinochiao,promosi puncak voucher ribu gratis
pinochiao,informasi
pinochiao,promosi puncak voucher ribu gratis
pinochiao,mundur deh
pinochiao,tangis anggar pandang
pinochiao,shopee turun grz
pinochiao,server kacau ngatasin bot aduh
pinochiao,voucher gratis ongkos kirim rp bagikan promosi puncak shopee tanggal desember
pinochiao,iya akun log
pinochiao,nang pojok
pinochiao,voucher batas klik kumpul vouchernya kunjung toko nikmat diskon toko buru kumpulin vouchernya habis
pinochiao,voucher batas klik kumpul vouchernya kunjung toko nikmat diskon toko buru kumpulin vouchernya habis
pinochiao,solutif
pinochiao,eh tayang televisi
pinochiao,tangis semoga lancar kuk pasu doa
pinochiao,ayo coba selagi
pinochiao,nextar iya
pinochiao,arden sih gaess
pinochiao,tonton naagin bawa
pinochiao,tonton shiva gara tunggu uttaran tayang selai
pinochiao,bagikan promosi gratis voucher cemil jajan nila ribu
pinochiao,salah ketik tanggal lahir alhamdulillah sih
pinochiao,informasi nilai lain-lain out of topic sih habis cv koin iya
pinochiao,em infoin produk luncur indah promonya deh kilometer bagikan informasi diskon snk eh asin iya cuman dasar out of topic
pinochiao,informasi avoskin produk hubung diskon tulis semoga promosi tarik bom promosi
pinochiao,sunmori saudara wanita
pinochiao,batal
pinochiao,out of topic
pinochiao,bagikan promosi gratis voucher cemil jajan nila ribu
pinochiao,out of topic
pinochiao,saudara sertifikat halal zat haram laneige sbm cosrx logo halal produk
pinochiao,iya
pinochiao,halal iya mui lembaga ngehalal iya
pinochiao,saudara dasar oktober november nama pamersale
pinochiao,makas
pinochiao,omong omong maaf telat berpikir
pinochiao,tos ayo
pinochiao,aih tinggal
pinochiao,struk coba
pinochiao,omong omong japota harga murah
pinochiao,saudara wanita siti
pinochiao,loh kemarin
pinochiao,kartu dimasuki telepon pakai aktivasi
pinochiao,woylah
pinochiao,batal
pinochiao,habis beli
pinochiao,tim modal receh mundur
pinochiao,ss
pinochiao,batal
pinochiao,ulas produk beli
pinochiao,iya peristiwa
pinochiao,batal
pinochiao,cowok tanggal saudara
pinochiao,tos
pinochiao,batal
pinochiao,salah
pinochiao,cowok voc
pinochiao,hahh sih raden gadis
pinochiao,eh iya tangis akun iya eh omong omong perbarui shopee versi
pinochiao,selamat sendee
pinochiao,kode bayar klik oke diback
pinochiao,berrybenka bunda
pinochiao,cowok klik pesan
pinochiao,out of topic
pinochiao,batal
pinochiao,sari gandum maitos gabung
pinochiao,batal
pinochiao,dapetnya garnier
pinochiao,cowok berrybenka
pinochiao,batal
pinochiao,habis klik pesan muncul kode indomaret klik oke diback sebentar muncul voc untung an
pinochiao,habis periksa muncul saudara
pinochiao,cowok produk bayar nominal saudara hehehehe
pinochiao,iya saudara
pinochiao,voc gais ss cowok
pinochiao,voc periksa pengirim
pinochiao,meanwhile
pinochiao,voucher jual
pinochiao,saniye ndeer
pinochiao,alfa bayar wajib pakai sopipay minggu
pinochiao,harga area beda nde
pinochiao,pengirim sih
pinochiao,asli matcha
pinochiao,tele tunda
pinochiao,pakai ampuh iya
pinochiao,iya tuhan
pinochiao,putar
pinochiao,gorden omahku
pinochiao,tawa
pinochiao,coba periksa cashback selai beli
pinochiao,platinum kah bayar
pinochiao,ih dom jateng rabu
pinochiao,out of topic aduh
pinochiao,batal
pinochiao,salah
pinochiao,batal
pinochiao,voc darimana
pinochiao,menu futfes
pinochiao,omong omong terimakasih iya
pinochiao,tangis dasar iya salah lapak ndee
pinochiao,bagus untung iya semoga ketemu kasir ramah
pinochiao,kamis jumat beda periode saudara kilometer beli bk senin koreksi
pinochiao,omong omong beli kotor saudara puding matchanya
pinochiao,uang maksimal oke pengirim
pinochiao,batal
pinochiao,saudara total oke nominal vouchernya oke scannya oke oke oke total oke
pinochiao,temu promosi murah indosat gb harga rp shopee
pinochiao,batal
pinochiao,cari saudara twt kuota murah indosat sebentar muncul
pinochiao,kopken rindu mantan
pinochiao,produk periode pengirim kilometer klaim alfa besok kilometer besok klaim gulu janjiw lain-lain
pinochiao,kasih minum
pinochiao,coba cari twt kuota indosat pengirim jual murah
pinochiao,kisah deals alfa lucu lucu iya ken
pinochiao,kelas pikir kilometer bom ketemu iya santai kelompok bentuk seleksi alam bom ketemu santai oke
pinochiao,wih keren iya periksa
pinochiao,pakai voc deals diskon
pinochiao,scan iya pengirim
pinochiao,mall puterin
pinochiao,ndeer nombok oke
pinochiao,pengirim pakai eh ambil
pinochiao,batal
pinochiao,iya
pinochiao,ken ngetag
pinochiao,romantis iya raja tidur bangunin
pinochiao,kota
pinochiao,gulu gulu scan eh nyangkut bilang beli saudara wanita saldo
pinochiao,alfamart midi
pinochiao,pengirim pakai freeong paylater kahh
pinochiao,saudara
pinochiao,rangking nilai beebeda aspek patok susah tembus
pinochiao,titip
pinochiao,batal
pinochiao,iya regist kartu
pinochiao,gratis voucher kopi belanja nila ribu
pinochiao,gratis voucher kopi belanja nila ribu
pinochiao,ongkos kirim dom ajar
pinochiao,tinggal
pinochiao,batal
pinochiao,batal
pinochiao,batal
pinochiao,em iya butuh uang selamat tinggal deh dasar ragu
pinochiao,mantap
pinochiao,sih
pinochiao,saran produk reloadnya iya cepat produk koreksi
pinochiao,iya admin tangis kejut gulir df cepat sembuh iya
pinochiao,ih loh
pinochiao,iya ih kedip tangis
pinochiao,paro saldo bajing
pinochiao,tanda suruh hemat
pinochiao,pengirim bohong sih
pinochiao,beli butuh nila
pinochiao,selernya acak habis
pinochiao,tonton uttaran betah iya
pinochiao,gratis voucher kopi belanja nila ribu
pinochiao,gratis voucher kopi belanja nila ribu
pinochiao,tawa
pinochiao,shopee maybelline brand lazada voc loreal garn mayb beli tunggu voc
pinochiao,batal
pinochiao,nambahin produk voc oke admin oke klaim keranjang eh iku siang klaim vc saudara laki
pinochiao,batal
pinochiao,batal
pinochiao,batal
pinochiao,detik tawa
pinochiao,utama pengirim
pinochiao,titip ah
pinochiao,beli telepon pengirim
pinochiao,nila
pinochiao,klarifikasiny bajing pengirim spam
pinochiao,maaf numpang ketawa
pinochiao,combo deals mantap
pinochiao,freeong saudara
pinochiao,pengirim mengajari nurul
pinochiao,voucher gratis ongkos kirim rp bagikan promosi puncak shopee tanggal desember
pinochiao,selamat tinggal harga under oke catat butuh iya beli iya selamat tinggal deh
pinochiao,gratis suka concealnya
pinochiao,tawa
pinochiao,pengirim sih sengaja
pinochiao,saudara normal kering beli iya
pinochiao,nakal iya
pinochiao,toko
pinochiao,oh
pinochiao,beli dimana saudara peristiwa
pinochiao,teman adminnya
pinochiao,pengirim sultan
pinochiao,batal
pinochiao,flash jual buka lapak ndaan
pinochiao,kirim kaos kaki tali wkwkwkkw jual lazada
pinochiao,tertawa
pinochiao,gila gila menit sambat
pinochiao,rumah teman xoxo cium perlahan habis muncul kurir kode pos nama usaha gerak bidang politik iya tuhan
pinochiao,voc blibli saudara
pinochiao,dimana pengirim buka bonstri
pinochiao,ongkos kirim
pinochiao,tangis
pinochiao,dika dika buru pulang carikan dik
pinochiao,suruh zoom iya
pinochiao,kota saudara mahal
pinochiao,rangking sih anak terdzalimi teman contek an
pinochiao,iya maaf saudara
pinochiao,xixixii relax percaya guru mantengin
pinochiao,keren ih sekolah ketat
pinochiao,bantu potong harga barang murah potong miliar bukalapak klik
pinochiao,jateng feong
pinochiao,pelosok
pinochiao,pamer informasi
pinochiao,gulu gulu tunggu
pinochiao,merah biru
pinochiao,ubah saintek
pinochiao,tos
pinochiao,batal
pinochiao,coba periksa paket tulis ikan kod tulis ikan kod coba lapor cs
pinochiao,tas musim awet
pinochiao,out of topic sih
pinochiao,chrome nyaman pakenya chrome
pinochiao,titip iya
pinochiao,out of topic iya pam
pinochiao,estimasi tanggal
pinochiao,trauma
pinochiao,mudah ngebajak telepon
pinochiao,kirim
pinochiao,peristiwa
pinochiao,buru hapus tanda akun resmi
pinochiao,out of topic sih asam manis diskon et cetera
pinochiao,lahap xiixix
pinochiao,senin
pinochiao,bagus
pinochiao,klarifikesyen saudara saudara
pinochiao,minum aqua saudara
pinochiao,saudara
pinochiao,etapi deh
pinochiao,deh selebgram selebgram cuman iya
pinochiao,angkut
pinochiao,resi pengirim
pinochiao,periksa pesan iya admin
pinochiao,hubung dana hasil admin tolong tindak
pinochiao,bahan
pinochiao,makas
pinochiao,toko ndweer pllis butuh
pinochiao,coba pc
pinochiao,perhatikan saudara maaf iya
pinochiao,beli tanggal salah
pinochiao,calon istri lumrah kalang masyarakat kelas tengah berita area cipta
pinochiao,em percaya tolong berhenti ramai beli harga murah koreksi
pinochiao,deh pengirim beli voc oke harga spesial oke oke oke oke pakai voc deals coba oke oke oke oke koreksi
pinochiao,titip
pinochiao,malas
pinochiao,pictnya badai baju bandung saudara
pinochiao,tas ekspor bom pakai
pinochiao,makas
pinochiao,mentega putih saudara
pinochiao,toko
pinochiao,iya iya tulis
pinochiao,ih kadang pikir
pinochiao,pale sopipay cashback sih
pinochiao,makasii
pinochiao,eh rusak
pinochiao,batal
pinochiao,ih karyawan alfa rumah pengirim
pinochiao,maksude belaga ulang tahun
pinochiao,toko saudara
pinochiao,cium otfit jelek masak
pinochiao,sicepat getah tangis
pinochiao,ihy
pinochiao,jateng ongkirnya iya
pinochiao,nis sialan
pinochiao,pepet saudara
pinochiao,cha dal
pinochiao,masak buru
pinochiao,anak smanik
pinochiao,batal
pinochiao,pengirim
pinochiao,batal
pinochiao,suka pasu dakjal tangis rindu
pinochiao,ln sih drama iya
pinochiao,sih tertawa
pinochiao,cashback lumayan iya
pinochiao,ilmu komputer
pinochiao,motong saudara voc sopi
pinochiao,rezeki ndee selamat
pinochiao,penuh jaga
pinochiao,uee habis
pinochiao,beda sih dana arahin qr
pinochiao,berita facebook berita palsu
pinochiao,kilometer kfc bayar pakai dana beli oke otomatis motong oke
pinochiao,batal
pinochiao,buang air rumah nanggung teriak bentar buru cebokk eh pergi
pinochiao,hih
pinochiao,tinggal
pinochiao,saudara laki jalan
pinochiao,susah senja mudah
pinochiao,voc bank
pinochiao,batal
pinochiao,klaim jm saudara laki klaim
pinochiao,smartfren angus iya paket batas beli batas
pinochiao,akun jatuh pamer
pinochiao,makas
pinochiao,toko sendeermim
pinochiao,ah
pinochiao,beli doanb nderr
pinochiao,sih iya
pinochiao,drama
pinochiao,iya ofc spanduk malu link
pinochiao,ayo syukur ayo rezeki diskon
pinochiao,sih voc lazada mati cs heuh
pinochiao,beli omong madu tj pengirim
pinochiao,pengirim kamar saudara meja laptop ganti pakenya hehehehe ayo ayo
pinochiao,iya
pinochiao,iya voc dana ih tolong pokok
pinochiao,pagi aman sih selai an
pinochiao,insya tuhan cowok bayar pesan jual pengirim
pinochiao,selamat
pinochiao,ah andai rumah jabodetabek
pinochiao,untung
pinochiao,bontet
pinochiao,voucher juta iya nderr huhhuhu keren
pinochiao,iya tuhan sesak hua
pinochiao,oke terimakasih iya saudara
pinochiao,alhamdulillah iya pengirim
pinochiao,euy
pinochiao,hati bontet ndeerr tangis sayang
pinochiao,serius beli
pinochiao,pakai flip bajing oke saudara
pinochiao,laptop giur sadar manusia
pinochiao,iya ngabarin toko freeong saudara voc
pinochiao,gambar saudara
pinochiao,gais rekomendasi dom jateng
pinochiao,makas pengirim
pinochiao,bwrani sih saudara wanita
pinochiao,voc habis iya
pinochiao,batal
pinochiao,ih iya
pinochiao,ah heheheh
pinochiao,akun iya pengirim
pinochiao,makas saudara
pinochiao,eh indah joseon kah
pinochiao,saudara puncak via indomaret
pinochiao,saudara
pinochiao,iya
pinochiao,beli kartu saudara
pinochiao,coba masukinnya vc
pinochiao,batal
pinochiao,batal
pinochiao,batal
pinochiao,batal
pinochiao,saudara beli uang juta coba juta
pinochiao,nuyul out of topic salah dasar
pinochiao,nisa pengirim
pinochiao,struk coba pengirim
pinochiao,hayo nuyul awowkwkk
pinochiao,sedih
pinochiao,titip gais
pinochiao,omong omong harga
pinochiao,gratong nominal
pinochiao,tugas kelompok sih logo diam puppies
pinochiao,wkkwkwkw
pinochiao,pamer pikir
pinochiao,pengirim mengajari nuyul
pinochiao,salah dasar ndeer
pinochiao,makas pengirim
pinochiao,saudara gulir iya
pinochiao,lazlive saudara ns
pinochiao,nama pamer wkwkwkkwk
pinochiao,temu bajing out of topic lapor admin
