created_at,id_text,text
2021-03-19 02:36:18,1372738673909723143,RT @_Wendywalters: The story never ends.
2021-03-18 12:38:33,1372527845814145031,@gajahra @txtdrolshopmine melatieh itu
2021-03-18 12:15:03,1372521930226429960,sueneng bgt nonton reviewnya @txtdrolshopmine hehehe ğŸ’™ https://t.co/DzNYjOLfPz
2021-03-18 06:14:07,1372431101143052289,"@gajahra nek kata @slvmbering, â€˜ckckck ra nduwe patrapâ€™"
2021-03-18 05:29:16,1372419812215853056,@dhammaas @apehalini HBD kak dhiaaa!!! ğŸ‰ğŸ‰ğŸ‰
2021-03-15 05:26:30,1371331952641339393,@loosheaaa wkwkwkwkw ngukukz
2021-03-14 13:04:32,1371084832025894913,@txtdrolshopmine wkwkwkw budu
2021-03-13 11:30:19,1370698734787424258,@txtdrolshopmine sebelation
2021-03-13 00:30:52,1370532778605899780,RT @UGMYogyakarta: Bertha Maya Sopha Raih #Penghargaan Distinguished Woman in Industry and Academia Award https://t.co/CfmHBLDTyV https://tâ€¦
2021-03-12 05:24:45,1370244350026780673,@gajahra tulung diajari @slvmbering
2021-03-12 04:01:23,1370223371691028482,@slvmbering ckckck
2021-03-10 10:37:32,1369598288190607363,@lelakimempes0na tapi menjadi lelaki mempesona
2021-03-10 09:57:17,1369588161018425348,@lelakimempes0na duet dong kak @umilea_
2021-03-09 19:34:27,1369371021577494537,"@helosals jangan lupa ngukuks nya pake z, ngukukz"
2021-03-09 11:28:20,1369248683946962946,@lelakimempes0na langsung knock
2021-03-08 23:06:04,1369061886067494912,@thiranosauruss @lelakimempes0na kamu ma sapa ni sem?
2021-03-08 09:59:05,1368863836200177666,ooooow https://t.co/prOWUC5Yyc
2021-03-06 03:08:05,1368035629271900160,RT @rakyatkukusan: Aku setelah 15 menit kerja: https://t.co/gQYZPOCwAr
2021-03-05 00:31:26,1367633820049043457,"RT @aliralira: Banyak sekali yg nanya â€œMungkin gak aku ...â€
â€œBisa ga aku dapet beasiswa kalau aku ...â€
â€œOrang dgn background xyz bs kerja dâ€¦"
2021-03-03 14:17:35,1367116951969931267,selamat membangun rumah impian @fortunkukis https://t.co/JlzgIJKgYG
2021-03-02 15:44:54,1366776535290507267,RT @4deliaa: happy womenâ€™s history month! did you know in the US female pilots make up only 7% of all certified pilots? this month i celebrâ€¦
2021-03-02 06:27:00,1366636138694209536,@txtdrolshopmine arigatou
2021-03-02 05:30:56,1366622024987156482,RT @YBRAP: Still edit for the full video but I know you rly want to see the teaser so there you goâ˜ºï¸ https://t.co/IjowYPLrso
2021-03-02 05:28:03,1366621300395974657,RT @dinoman_j: https://t.co/QIPfpvheXI
2021-02-28 22:51:06,1366159019069476865,@txtdrolshopmine nggak heran
2021-02-28 12:42:28,1366005849630470147,RT @Rizprab: ya emang saya kan mau nya pake laptopppppppppppğŸ¤§ https://t.co/5aiIAfcN4G
2021-02-28 12:14:17,1365998759054766085,"RT @sushidal: KAN AKU UDH                              TADI BILANG BELOK                 KATA WAZE
KANAN                 MSH 10 METER LG :â€™â€¦"
2021-02-26 15:26:50,1365322439912169474,@lelakimempes0na jgn lupa wejangan bang pahrisekroep
2021-02-26 14:07:22,1365302440606588933,@fortunkukis looks yummy
2021-02-25 04:02:35,1364787851976564740,RT @novemberdad: I be like â€œim trying my bestâ€ and then sleep 15 hours a day
2021-02-24 09:58:00,1364514909900349441,"RT @7teen8teen: [HELP RT]
Halo, saya Veronika mahasiswi Teknik Industri UGM. Saat ini saya sedang melakukan uji coba alat ukur skripsi. 

Jâ€¦"
2021-02-24 09:57:37,1364514814614069248,@txtdrolshopmine wkwkwkwkw bisa membayangkan keselnya minceu
2021-02-24 03:02:57,1364410456811560968,@slvmbering https://t.co/ZYErHPM1Ss
2021-02-24 03:02:31,1364410349298929666,@slvmbering @alnitakkk musuh bebuyutan bro
2021-02-24 02:41:15,1364404995722862593,@alnitakkk @slvmbering punten ğŸ™ğŸ»ğŸ™ğŸ»ğŸ™ğŸ» https://t.co/pAsoHwKoZb
2021-02-23 20:52:36,1364317257598267396,@slvmbering mission completed
2021-02-23 17:13:45,1364262181571686401,"RT @yeaown: Kemapanan intelektual
https://t.co/7Sc4R4LB3D"
2021-02-23 14:33:04,1364221746153316358,@txtdrolshopmine @kwetiawwwsunt3r @lusiaestihito @gumpalanlemak hito is ma fren
2021-02-22 11:50:43,1363818500381282305,@helosals WKWKWKWKW danis being danis
2021-02-22 00:28:06,1363646711789481984,@lusiaestihito @iqbalfk @helosals akhirnya kembali ke rambut ganteng
2021-02-21 15:06:20,1363505341825097733,@slvmbering @elang_pupin waktu dan tempat dipersilakan
2021-02-21 14:58:25,1363503349186760711,selamat &amp; sukses! @gilangrizkyp https://t.co/Wd7vzvJIIL
2021-02-21 11:39:07,1363453194534346752,@septikacintyaa aamiin :â€)
2021-02-21 11:38:10,1363452955345645570,the art                the artist @karangkunci https://t.co/aZ44y7Nira
2021-02-21 10:40:01,1363438318063648768,@septikacintyaa tolong sep tolong :(((((
2021-02-20 21:57:53,1363246524281446402,@umilea_ @lelakimempes0na @adifafs welcome to nolep nolep club mi https://t.co/bb7rjUACWZ
2021-02-20 12:21:11,1363101392718749699,"@lelakimempes0na jago bet, desain grafis 101"
2021-02-19 10:49:14,1362715861786652673,@lelakimempes0na mari @umilea_
2021-02-19 07:37:47,1362667684505157632,@lelakimempes0na see you in livik
2021-02-19 00:17:47,1362556952455221251,RT @ryansgosling: https://t.co/Bzp3m5fuLc
2021-02-16 19:45:54,1361763754690506753,where do I begin?
2021-02-16 13:56:55,1361675933359333377,@kelvinafrian lekas sehat tetangga!!
2021-02-15 06:46:51,1361205314087886848,RT @islamandlife: https://t.co/tUxVJuy8Xd
2021-02-14 07:10:08,1360848787715936262,@lelakimempes0na @Rvaaaaaaa selamat ulang tahun arva a.k.a arek valentine ğŸ‰ @Rvaaaaaaa
2021-02-12 09:27:10,1360158496503721986,RT @rastafaris: The power of monggo bagi orang Jawa. https://t.co/51UFQwW59B
2021-02-12 00:58:20,1360030445019164675,"RT @zahwaisl: ""The reason why some people are so kind is because the world has been so unkind to them that they don't want other people toâ€¦"
2021-02-10 11:01:28,1359457450009587712,@lelakimempes0na truck dasmu kehilangan satu pelanggan paginya
2021-02-10 03:30:34,1359343980018716672,@lelakimempes0na pusing bacanya
2021-02-10 03:29:11,1359343629362290688,@maybachti canâ€™t relate :(
2021-02-09 16:34:16,1359178815021273089,RT @dinoman_j: https://t.co/QKf43TV9US
2021-02-09 12:34:53,1359118571486367745,RT @azlyamalika: Mikasa kalo udh akrab dipanggil caca
2021-02-08 13:56:56,1358776832414257155,RT @Gbemideyforyou: i love when someone educates me on a topic i donâ€™t know about without making me feel dumb
2021-02-07 03:44:24,1358260295538335745,@satuduatigam wow ga bayang :((
2021-02-06 12:04:19,1358023714441338882,"RT @daffa_bonzo27: Manajer investasi by @inikokok 

Top holdings.
RSOL : Risol Mayo
THCP : Tahu Crispy
TEMP : Tempe Merah
BKSO : Sate Baksoâ€¦"
2021-02-03 08:09:32,1356877466116136961,@lelakimempes0na 1
2021-02-03 07:28:17,1356867087839322113,@ayidmazlan_ ati ati ceu @amillliltimes
2021-02-02 09:25:04,1356534086920101890,@widafinea kasian irfan tito dong
2021-02-02 06:50:38,1356495224986501120,"RT @enointan: Hai!
Saya Puti Reno, mahasiswa S1 Psikologi UGM yang saat ini sedang  menyelesaikan skripsi terkait kreativitas karyawan. Karâ€¦"
2021-02-02 06:50:19,1356495142782308353,@iqbalfk approved by @txtdrolshopmine
2021-02-01 23:04:00,1356377791395028992,@iqbalfk https://t.co/8pVOkthEqP
2021-02-01 09:20:25,1356170529665765379,RT @susipudjiastuti: Ini susi setelah bete sama semuanya yg hidup di daratan ğŸ˜„ğŸ˜„ğŸ˜„ğŸ˜„ğŸ˜„ğŸ˜„ https://t.co/GXc5YalsPM
2021-01-30 10:49:20,1355468130403815424,RT @Fernandaltfm: Tidak relate sama dtmi sih
2021-01-29 03:05:16,1354988957835030530,RT @HausofHilton: Buying for loved ones     Buying for self https://t.co/uF3oXuP5ou
2021-01-28 08:45:08,1354712097792249860,"RT @Faireyhan: Mari mari isi bagi yang belumğŸ˜‰ 
nb gopay sudah diperbarui"
2021-01-28 08:14:04,1354704283241865218,"RT @anggaschr: Sumpah ganyangka, punya cita-cita ga nanggung2. ğŸ˜‚ğŸ˜‚
https://t.co/NiEKgIBeqS"
2021-01-24 17:53:36,1353400575438667776,RT @Husen_Jafar: Kalian belum tidur? Mikirin apa?
2021-01-24 11:12:04,1353299523775328256,RT @sakhansaaa: Nyoba medley 2 lagu kerispatih yg paling aku sukaaa heheheheh https://t.co/R0GnKKFecg
2021-01-24 01:25:43,1353151966961000448,"@fortunkukis @DidaTaufiek untung ada vokalisnya, mayan lah agak berkurang salahnya"
2021-01-23 21:29:58,1353092635766919168,"RT @novyaditya: You'll never know unless you walk in my shoes, babe"
2021-01-22 11:37:49,1352581227937636356,"RT @ravikafifi: jadi kemarin order grabfood, terus cek cctv dpn rumah. ternyata bapaknya segitu patuh protokol kesehatan, ya allah pak sehaâ€¦"
2021-01-21 04:11:54,1352106624043819008,@txtdrolshopmine @iqbalfk alhamdulillah sukoharjo
2021-01-21 04:10:59,1352106391629008896,@yusufw_azka @lusiaestihito @DamastraPutra @maybachti @jojohhann parah emang salmini :(((
2021-01-21 01:06:35,1352059987451731969,@lusiaestihito @DamastraPutra @maybachti astaga salminiii
2021-01-20 04:47:53,1351753291164573697,slogan hidupnya iqbowl kurtee https://t.co/Ngx2W6iX0g
2021-01-18 13:53:54,1351165924787834884,"RT @Faireyhan: Yuk bs yuk ğŸš´warga twitter. Bantu sy yuk, buat penelitian ta dgn kriteria ini
1. Bertempat tinggal &amp; berada di Kota Yogyakartâ€¦"
2021-01-18 11:21:06,1351127471391911938,@updatekehidupan @fortunkukis @DidaTaufiek tn mania ğŸ¤ŸğŸ»
2021-01-18 09:02:57,1351092703497433093,"RT @9GAG: Tag your favğŸ’™

âœğŸ» @dinoman_j https://t.co/BEV8qCc6Zm"
2021-01-16 12:53:42,1350425999796699138,@updatekehidupan @fortunkukis alhamdulillah arya tidak idle
2021-01-16 12:07:57,1350414483886272518,@fortunkukis pipipipipip numpang lewat
2021-01-16 09:28:11,1350374277564887042,"RT @____singer: Communicate. Ask, don't simply assume. Confirm, don't hastily conclude."
2021-01-16 09:27:23,1350374077475667970,@novemiarizcas ati ati mbak mi
2021-01-16 07:19:25,1350341875325038592,RT @txtdarigajelas: editor tv ikan terbang lgsg insecure ngeliat ini https://t.co/tZsYQ481ht
2021-01-14 07:22:11,1349617794283839492,RT @Husen_Jafar: Allah mewafatkan Syekh Ali Jaber setelah Allah perkenalkan siapa sejatinya dia ke kita semua melalui kasus penusukan atasnâ€¦
2021-01-14 07:13:43,1349615664571432963,"RT @ainurohman: Terbata-bata, AA meminta maaf krn menusuk Syekh Ali Jaber. 

Tersenyum, dgn air muka yg teduh Syekh Ali Jaber menjawab. ""Diâ€¦"
2021-01-14 07:07:51,1349614187060711426,@iqbalfk aku dan minceu otw go ğŸ‘‹ğŸ»
2021-01-13 14:34:03,1349364089512812545,RT @winyfara: https://t.co/fk3s1XregX
2021-01-13 06:23:16,1349240581503913985,yasminceu kalo lagi tersinggung https://t.co/9bpU4IbXUz
2021-01-11 12:47:02,1348612382923243523,@amillliltimes tengs to minceu akhirnya makan enucks :â€)
2021-01-10 15:00:14,1348283514995658757,"selamat tanggal 10 jam 10, yasminceu si ketua geng https://t.co/GaWiTAAVgk"
2021-01-10 12:12:07,1348241207328075780,@iqbalfk kamu menyesal deactive ig gabisa nonton reviewku -yasminceu
2021-01-10 11:38:53,1348232845211303937,RT @bayu_joo: self reward terbaik untuk diri sendiri adalah tidur seharian
2021-01-10 10:35:35,1348216912090566658,"@iqbalfk valiiiid xixixixi apalagi kalo yg direview makanan, persis"
2021-01-08 15:15:37,1347562612062490624,@Faireyhan assalamualaikum habib
2021-01-08 14:53:13,1347556971654705153,@lelakimempes0na saatnya ganti username brow
2021-01-08 12:26:39,1347520087415144448,@lelakimempes0na ramdani 1 - 0 samuel
2021-01-08 10:59:02,1347498038231662594,@iqbalfk winner winner chicken dinner
2021-01-08 06:12:11,1347425848974929920,"RT @niedaothman: When you have a lot on your mind, but you can't tell anyone.."
2021-01-07 03:56:30,1347029318145171460,@iqbalfk hehehe ğŸ’¯ğŸ’¯ğŸ’¯
2021-01-06 11:26:13,1346780104479756290,RT @KuntoAjiW: Dapet informasi sesuai kebutuhan itu juga rejeki ternyata. Selamat pagi.
2021-01-05 15:51:39,1346484513359024132,RT @dwihandaanda: Tes ombak... Kali aja video ini nyenengin.ğŸ™‚ğŸ˜‚ https://t.co/KWBtUxoZ8a
2021-01-05 15:34:40,1346480239044489222,@helosals tengs to ramdani the mvp
2021-01-05 09:02:30,1346381547096576004,"RT @auwaliiiii: Halo semuanya, kenalin aku Lia, mahasiswa S1 Psikologi UGM dan sekarang lagi ngerjain skripsi. Bagi teman-teman yang merupaâ€¦"
2021-01-04 12:46:05,1346075426611892229,@lelakimempes0na @ramdani_pratama baru day 1 aja udah lawak bgt :â€)
2021-01-03 16:04:33,1345762985508159489,untuk kesekian kalinya: bodo kok dipelihara to nab nab https://t.co/UDZogLxP3E
2021-01-01 11:16:14,1344965653359329281,RT @mightbecursed: https://t.co/f7mdY2CryJ
2020-12-31 01:51:34,1344461160058261504,RT @aishakinaaa: Ya Allah orang pada baik baik bangat
2020-12-31 01:26:19,1344454807180853248,RT @NATALIALABEL: One of my fondest 2020 memories was during the first lockdown when a neighbour wore a dinosaur hazmat suit whenever theyâ€¦
2020-12-30 22:59:36,1344417883636465664,"@Fernandaltfm gak batangan, yang elektrik rasa mangga dong"
2020-12-30 22:59:19,1344417813406994433,@txtdrolshopmine @lusiaestihito yuk last day celebration ğŸ‰
2020-12-30 22:58:22,1344417573740285953,@oveeeeeeeee wkwkwkw ada ophe nya kapan ni
2020-12-30 22:58:06,1344417506203635712,"@mausojuhalal ayo sama kamu klo dah di jogja hihihi, deket kesirat itu ran"
2020-12-30 22:57:20,1344417313492144129,@nideanita @pill0wsubi huwaduuuuu kok byuti byuti
2020-12-29 22:18:18,1344045105112477696,@Maulidafifatu waduuu wkwkwkw
2020-12-29 22:17:20,1344044859791851521,"RT @medindin: Ngantuknya kaya bayi, pegelnya kaya lansia."
2020-12-29 22:14:39,1344044184341106688,@Maulidafifatu wkwkwkw soalnya cewe sendiri
2020-12-29 22:13:16,1344043835874152449,@updatekehidupan heuuu ditunggu update kehidupannya!!
2020-12-29 22:12:28,1344043634547552256,@msnadyaannisa wkwkwkw aku jg takut kak nud
2020-12-29 22:11:42,1344043441022365696,@nurhalimima power rangers mas
2020-12-29 16:40:55,1343960199111954433,@lusiaestihito @txtdrolshopmine merealisasikan #2020gantiteman xixixi
2020-12-29 11:34:17,1343883031870722049,kalawaXjawara https://t.co/6ZkZjSSmnm
2020-12-29 11:31:03,1343882217005535237,@rahmaelisoo seperti .....
2020-12-29 07:58:35,1343828746994794496,@updatekehidupan makan nasi gorengnya juga cuma beberapa menit
2020-12-29 05:52:26,1343797000085499904,@itsmenindyyy disagree
2020-12-28 06:43:33,1343447478893330432,RT @xyanefrian: Sebenernya orang terdekatlah yang menjadi penyebab depresi paling hebat.
2020-12-27 12:47:13,1343176611542126595,@GaluhPurbosari HAAAH https://t.co/bJCaP835IN
2020-12-26 14:56:39,1342846795731271680,"@gajahra dan neysa, sampe rebutan hobinya https://t.co/QtLoizd4Uc"
2020-12-26 14:54:52,1342846347909599232,RT @FarHansome: Damage-nya Luar Biasa
2020-12-26 12:12:15,1342805422491586560,@amillliltimes https://t.co/G2UGKo8Vfz
2020-12-23 11:16:53,1341704324523511808,"RT @weekdies: Pagi2 dnger suara tangisan, w kira siapa ternyata nasi gak abis"
2020-12-22 23:39:04,1341528712676667392,@rahmaelisoo @elang_pupin 11 12
2020-12-22 09:26:40,1341314201424261120,@fortunkukis all we need is evi fortuna -@DidaTaufiek
2020-12-21 06:06:47,1340901508406112256,@lelakimempes0na barusan bertemu kawan kawan nolep lain di livik ni
2020-12-21 05:54:40,1340898463035187203,@lelakimempes0na sobat nolepXsambat
2020-12-21 04:11:16,1340872439899668486,"@lelakimempes0na semester depan sem udah ga di jogja, jadi makin sedih"
2020-12-20 06:16:09,1340541478142005250,"RT @baskaramp: In a year of never-ending cycle of bad news, accepting that weâ€™re not okay is perfectly okay. Love yourself."
2020-12-19 23:59:27,1340446681049939968,"RT @ntsana_: apa hal 'terlalu' yang udah kalian lepas? karena mulai mikir kayak ""makin lama makin gak baik juga nih"""
2020-12-15 01:41:18,1338660370269884424,"RT @dewahoya: ã…¤

                  Day 347 of 366
                     
   â€œpeople leave you, Allah doesnâ€™tâ€

ã…¤"
2020-12-14 08:52:45,1338406562621054976,@lthfngntr https://t.co/dcfgNg360q
2020-12-11 15:09:47,1337414284079321090,@pantonepantun @iqbalfk @lelakimempes0na btuuuul
2020-12-11 11:47:26,1337363359998480384,@lelakimempes0na @iqbalfk samperin lah
2020-12-11 10:53:37,1337349816343412736,"RT @skullmandible: well, she's not named taylor slow"
2020-12-11 09:13:27,1337324608614109185,"nice trip, fellas 
@rahmaelisoo @elang_pupin @gilangrizkyp @ffarhanmhmd_ https://t.co/AbZK0zsWhE"
2020-12-11 09:09:08,1337323520380919811,@rahmaelisoo sudah kita temukan jawabannya hihihi
2020-12-10 16:18:23,1337069158031261701,RT @skinnysel: taylor swift made two whole albums in isolation while I'm still struggling to write an essay BYEğŸ˜­
2020-12-08 15:53:32,1336338128605343747,@fortunkukis @DidaTaufiek @updatekehidupan wiiiii selamat sobat sobat
2020-12-08 05:45:51,1336185201521659905,@Maulidafifatu wadaaaw
2020-12-07 15:51:18,1335975178631741440,@lelakimempes0na xixixi
2020-12-07 15:51:10,1335975145073070080,@amillliltimes pusyang pala minceu
2020-12-07 11:26:59,1335908660166287362,"ow ow, here we go again https://t.co/bKGVUbvoDc"
2020-12-06 01:48:28,1335400685454598145,RT @pradademexo: do u ever miss your own energy. like damn what happened to me
2020-12-05 09:33:01,1335155206821048322,RT @kkstaackz_: My 6 year old brothers teacher asked the class whatâ€™s their favorite season and he said garlic powder ğŸ˜­ğŸ˜­ğŸ˜­ğŸ˜­
2020-12-05 08:27:34,1335138733939515392,RT @selimutanmetmet: People come and go
2020-12-05 06:50:34,1335114321232240640,@helosals @cukuptaubun hayosiapa
2020-12-05 06:50:15,1335114242890973184,@cukuptaubun aku tim jus mangga
2020-12-05 05:07:09,1335088297295503360,selamat mengoreksi post test! https://t.co/FuD6p9Lkro
2020-12-05 05:01:42,1335086924504072192,@lelakimempes0na @iqbalfk ow ow
2020-12-05 03:53:38,1335069795859877888,@mausojuhalal ow ow
2020-12-04 22:59:57,1334995888997949440,"RT @dillabita: Salam! Teruntuk Anda yang sedang menempuh pendidikan S1 di Daerah Istimewa Yogyakarta, merupakan mahasiswa/i tingkat akhir,â€¦"
2020-12-04 16:20:33,1334895375354789888,"selamat sarjana expo, 2017! https://t.co/YP6GfNKIkZ https://t.co/ebSAbZPDnn"
2020-12-03 19:02:43,1334573800952791042,@Asnowoww mau ritwit jg kak
2020-12-01 12:19:48,1333747624411729920,"@Asnowoww ada sam, ada iqbol, ada firman"
2020-11-30 11:57:01,1333379503192645632,@elang_pupin gak nyangka jeng
2020-11-30 03:40:22,1333254517068943363,"RT @lelakimempes0na: stock foto buat kalo ditanya lagi dimana jawabnya ""sini dasmu"" https://t.co/GfqGxMLkRy"
2020-11-30 02:40:27,1333239438214795264,@elang_pupin @idextratime @hilmynurfuadi hayoloooo
2020-11-29 15:14:33,1333066828143226880,@helosals @azzasabilaa wkwkwkwkw :))))
2020-11-29 14:47:15,1333059957453848578,@azzasabilaa @helosals rabu 19.30
2020-11-29 07:08:59,1332944632079032321,@amillliltimes https://t.co/AOEDGSLLva
2020-11-29 06:01:52,1332927742027829248,ğŸ”¥ğŸ”¥ğŸ”¥ https://t.co/cXvqbjN2bU
2020-11-29 02:16:06,1332870923515412481,@DamastraPutra ğŸ’¯ğŸ’¯ğŸ’¯
2020-11-29 02:06:00,1332868384195706881,@iqbalfk bnaaaar
2020-11-28 18:34:25,1332754735775047681,RT @gilangrizkyp: Ada ya org kayak Zhafran yg emas PIMNAS dua tahun berturut-turutğŸ¤˜ https://t.co/d5NXHAeIMW
2020-11-28 09:32:10,1332618277831360513,"@hilmynurfuadi @elang_pupin wow, kata kata yang tidak asing"
2020-11-28 08:00:33,1332595220949606404,"@elang_pupin @hilmynurfuadi testimoni dong, ada penyemangat bisa bikin produktif beneran ga"
2020-11-28 05:06:14,1332551349997694976,@gajahra kamu mahasiswa tua ya
2020-11-27 22:16:31,1332448242840203264,@dizaw uuuuw selamat dizaaaaw ğŸ‘ğŸ»ğŸ‘ğŸ»ğŸ‘ğŸ»
2020-11-27 03:36:33,1332166392360038400,"RT @llllluffiiiii: â€œHatiku tenang karena mengetahui bahwa apa yang melewatkanku tidak akan pernah menjadi takdirku, dan apa yang ditakdirkaâ€¦"
2020-11-26 20:20:13,1332056586198519809,RT @NDIGUN: Harta yang paling berharga adalah tidur nyenyak.
2020-11-26 14:17:21,1331965269472808961,@lonelyfaced aku aku aku
2020-11-26 10:38:32,1331910202333904896,@helosals sebaya
2020-11-26 10:30:30,1331908181887356930,@updatekehidupan sarapan nasi goreng sembilan
2020-11-26 10:28:41,1331907723202494464,@updatekehidupan aamiin
2020-11-26 10:17:42,1331904958489260033,RT @KuntoAjiW: Psikismu lho.
2020-11-26 10:11:08,1331903304893272064,@slvmbering gtw knpa di delete pdhal sama khmbbbb
2020-11-26 10:08:55,1331902750007779332,@slvmbering gpp jlek nntn drakor aja
2020-11-26 03:44:57,1331806120692703234,"@amillliltimes modal copas aja dah berasa hacker, dasar kita :)"
2020-11-25 11:33:45,1331561711321575425,@updatekehidupan @lelakimempes0na @iqbalfk tulung tulung :)))
2020-11-25 01:10:24,1331404837305532417,@amillliltimes valiiiid :)))
2020-11-24 10:40:26,1331185904560467970,@fortunkukis jadinya main ke kolam bebek nih?
2020-11-24 04:19:34,1331090055016771584,@loosheaaa yaampon pen ritwit bgt
2020-11-23 22:10:33,1330997191142383616,@gajahra lho emang bapakmu
2020-11-23 14:12:52,1330876977163603972,"@lelakimempes0na astaghfirullah, pengabdi samuel"
2020-11-23 14:12:08,1330876793734135810,@iqbalfk *cling*
2020-11-23 13:20:01,1330863678279729153,@oveeeeeeeee CONGRATS ALFAAAAN!!! CONGRATS OVEEEE!!! â¤ï¸ğŸ’™â¤ï¸ğŸ’™
2020-11-23 11:52:59,1330841775062216707,@rhd_agung congrats alfaaaan!!!
2020-11-23 11:08:46,1330830647061934080,RT @sikenpoems: I never liked that ending either.
2020-11-22 08:01:46,1330421199206223882,@rndy11 perdebatan bersama @updatekehidupan @fortunkukis @lintang_maulida
2020-11-22 01:03:07,1330315841733320707,"dapet kabar baik, ternyata cuma mimpi wkwkwkwwkw"
2020-11-21 15:52:56,1330177383882743811,@azzasabilaa ğŸ’¯ğŸ’¯ğŸ’¯
2020-11-21 14:27:07,1330155787050692610,"@Faireyhan @slvmbering harta, tahta, arka"
2020-11-21 02:22:46,1329973498312237056,@fortunkukis kok kecemplung got sih :(((( kayak kucing aja
2020-11-21 02:21:03,1329973066621882371,@g_satya_m astaghfirullah masih pagi mas gebi
2020-11-21 00:35:37,1329946533697994752,"@IvanAbdurrosyid @widafinea iya vun, bisa disetting ada remindernya misal 30 menit sebelum agenda gitu"
2020-11-21 00:34:08,1329946161176748032,"@g_satya_m wkwkwkkw, smangat mas gebi"
2020-11-20 12:40:13,1329766498768875520,RT @Rvaaaaaaa: Enough is enough
2020-11-20 08:48:35,1329708203035086849,@novyaditya setauku asal di device itu sync akun gmailmu bisa auto sync ke kalender device nop
2020-11-20 08:45:56,1329707538946822144,"@novyaditya engga nop, yang penting punya akun gmail"
2020-11-20 08:27:48,1329702976118685696,"semakin menyadari google calendar memang bermanfaat bgt buat org org pelupa sepertiku, terima kasih google :â€)"
2020-11-20 08:25:53,1329702494293770245,@lthfngntr selamat magang luthfan
2020-11-20 04:09:13,1329637900288286720,what a lovely farewell tribute https://t.co/AjsXuLixbI
2020-11-20 00:06:17,1329576765010837505,RT @dwihandaanda: Aku saat dapat uang jajan tambahanğŸ˜‚ https://t.co/B9ugoSe7gZ
2020-11-19 12:12:36,1329397158731157511,@txtdrolshopmine @helosals wkwkwkw bayangin minceu dgn ekspresi kek adeknya
2020-11-15 15:34:51,1327998506640896001,"@mausojuhalal pengen ritwit :((
smangat ran!!"
2020-11-14 08:25:56,1327528175677497345,"sudah 3 jam dan tidak mulai mulai mengerjakan PT

sok iye lu @DidaTaufiek , by @lelakimempes0na https://t.co/30TWLEbdZp"
2020-11-14 05:46:37,1327488085030965249,@ramdani_pratama @lelakimempes0na halo sobat sobat PT ku :))
2020-11-12 12:21:16,1326862627352399872,RT @_geraldgerald_: Bohemian rhapsody but with duck https://t.co/c3qnBb1JW7
2020-11-12 01:53:03,1326704528498913281,@Fernandaltfm ditungguin sampe mau tidur masih aja bernyanyi tu jangkrik wkwkwkw
2020-11-12 01:51:57,1326704254522814465,@g_satya_m mas gebi mas gebi mas gebi
2020-11-11 19:14:17,1326604175120064512,"lagi record suara buat dubbing video tiba tiba ada bunyi tokek, giliran udah ilang ganti bunyi jangkrik. sengaja piâ€¦ https://t.co/LaytZXmzw8"
2020-11-11 16:05:20,1326556627923693568,@helosals twitmu sungguh cocok utk hiburan malam yang mumet ini
2020-11-11 14:32:30,1326533263473606662,"@loosheaaa @txtdrolshopmine berangkat bareng ya hit, biar ada kawannya"
2020-11-11 14:31:06,1326532910271221762,@slvmbering indeed!!!
2020-11-11 14:30:29,1326532758093537281,@txtdrolshopmine pokoknya ku menunggu undangan kamaya datang
2020-11-10 16:49:09,1326205266560344065,@txtdrolshopmine @akunusam @angewwie hihihihi nasi padang kecap?
2020-11-10 07:00:17,1326057070697738240,@fortunkukis WKWKWKKWW KUCINGNYA COCOK BGT SAMA RESPON DIDA
2020-11-09 14:49:23,1325812736391929856,RT @novyaditya: Take it easy for a little while~
2020-11-09 13:08:56,1325787455946063873,@Rahmakumala4 ganteng mana sama bangdim?
2020-11-09 08:35:01,1325718525579722753,@lelakimempes0na demotivated 24 jam sebelumnya: kalo gw mah yang penting lulus deh
2020-11-09 06:12:46,1325682725525712896,@lelakimempes0na akhirnyaaaa
2020-11-08 16:34:06,1325476703028740098,RT @updatekehidupan: My very popular opinion: rebahan enak bgt ya Allah
2020-11-07 03:35:10,1324918288032280578,@novyaditya lop yu chef
2020-11-06 17:09:05,1324760730663448580,"refreshing bersama @rahmaelisoo 
minum degan pakai sumpit di pinggir pantai ğŸ https://t.co/6ietcSXyPC"
2020-11-04 13:48:45,1323985540153159681,pathetic
2020-11-04 08:53:35,1323911256584024064,@rahmaelisoo laaaah beneran dong :((
2020-11-04 08:43:35,1323908740265906176,@rahmaelisoo ayooook
2020-11-03 04:11:27,1323477869633265664,@gajahra malah masuk dapur ya kamu
2020-11-02 23:27:40,1323406453894389765,"@elang_pupin hbs juara doesnt make him stay, ga?"
2020-11-02 09:06:35,1323189753018118145,@elang_pupin based on true story y kak?
2020-11-02 06:23:44,1323148769433587712,@mausojuhalal ayo ran
2020-11-01 14:07:21,1322903056049033218,@pantonepantun soalnya danis emang selow bgt
2020-10-31 14:39:05,1322548654293442560,@slvmbering belum cukup malam kak
2020-10-31 07:30:10,1322440711355080704,ğŸ’¯ğŸ’¯ğŸ’¯ https://t.co/XBGmZfVZ2X
2020-10-30 03:46:29,1322022031924240384,leyeh leyeh pas weekend tu enak bgt ya sebenernya https://t.co/o4sV7xMpDg
2020-10-29 15:55:34,1321843124092641280,@helosals seingetku ada namanya bejeu
2020-10-29 08:57:44,1321737975403704321,@helosals travel bisaaa
2020-10-28 11:34:51,1321415125497098240,@anonimsajaya pengen ritwit :(((
2020-10-26 20:15:13,1320821306766495744,@txtdrolshopmine cocok juga untuk diterapkan saat ini
2020-10-26 20:14:45,1320821188902305792,@helosals @Fernandaltfm @txtdrolshopmine WKWKWKKWKW
2020-10-26 10:23:33,1320672409465204737,"seneng bgt dapet kabar toko adminceu udah star seller hihihi, kren pol"
2020-10-26 02:34:23,1320554336846401538,â˜¹ï¸â˜¹ï¸â˜¹ï¸ https://t.co/xZdVJnUXdN
2020-10-23 19:23:54,1319721228366573568,@pantonepantun tentu saja
2020-10-23 19:21:14,1319720554509656065,@yaahboobay @azzasabilaa https://t.co/fFUoEoIjFx
2020-10-23 09:38:54,1319574006303916033,"selamat bekerja, scilogbender
salam efektif efisien ğŸ¤ŸğŸ» https://t.co/PH9m2rTYc5"
2020-10-22 21:31:17,1319390895838384129,@GaluhPurbosari :((((
2020-10-22 21:30:36,1319390726623383553,@txtdrolshopmine sini aku carikan responden wkwkwkw
2020-10-22 10:10:28,1319219562743689217,RT @Rvaaaaaaa: Mata kuliahnya permodelan sistem kompleks tapi yang saya buat di uts permodelan sistem sederhana
2020-10-22 10:10:09,1319219483366412288,@pantonepantun @azzasabilaa YAALLAH :((((
2020-10-22 07:37:49,1319181149856354304,@txtdrolshopmine @itsraynotreyy aku langsung chat dosennya seh
2020-10-22 07:07:25,1319173497969496065,@txtdrolshopmine @itsraynotreyy wkwkwkkw ngekek
2020-10-21 10:41:57,1318865096731340800,"sehari ujian 3 matkul aja bingung belajarnya, gak kebayang jadi dida yang 4 matkul"
2020-10-21 10:40:04,1318864626751217664,@helosals jadi teringat ujian STI2 xixixi
2020-10-21 10:37:55,1318864084956139521,@helosals menarik nih
2020-10-21 08:07:36,1318826255853047808,@chryeastb song chrysun (2020)
2020-10-21 00:49:04,1318715893229125632,@Ichsanindro @HanantasenaWP wkwkwkw dah sesuai pak jokesnya
2020-10-20 15:49:10,1318580023918436352,lha kok malah mati lampu :(((
2020-10-20 08:09:14,1318464280455344129,"percakapan mbak mbak yang lagi kerja skripsi di meja sebelah

ğŸ‘©ğŸ» : kamu pusing nggak sih?
ğŸ‘±ğŸ»â€â™€ï¸ : aku stress sih"
2020-10-19 15:23:22,1318211145488953345,RT @hrdbacot: Kerja kerja kerja tipes
2020-10-19 02:58:59,1318023813183926273,@Fernandaltfm wkwkwkw cerdas
2020-10-19 02:56:24,1318023161472937989,RT @bayu_joo: semua akan â€œyah kok gini siâ€ pada waktunya
2020-10-19 02:55:47,1318023007143485440,"RT @agnezmoismyidol: @kharismaulf In another life i would make you stay
 https://t.co/Mudn0CRnRN"
2020-10-18 16:26:33,1317864656011030528,"RT @ntsana_: ""but she looks ok""
""she's just trying to rebuild her life that was almost over."""
2020-10-18 06:24:37,1317713172984287233,https://t.co/c721juRoaR
2020-10-18 03:31:35,1317669630710669312,sponsored by @slvmbering https://t.co/Aupe4OBodk
2020-10-16 04:45:47,1316963527219961856,@slvmbering yaampon yaampon tengs
2020-10-16 03:47:05,1316948756710019072,@amillliltimes kren tenan admin shopee ramah ini
2020-10-16 03:45:24,1316948332724572161,@Fernandaltfm @gumpalanlemak @lthfngntr kurang ajar emg fernanda
2020-10-16 01:35:24,1316915614536114178,RT @andihiyat: Kalo ngerjain sesuatu yang kita seneng meskipun cape rasanya tetep aja cape
2020-10-15 21:27:17,1316853175576489984,@mausojuhalal tjakeeeep
2020-10-15 16:54:48,1316784602820743169,@iqbalfk @txtdrolshopmine minceu dimasa muda
2020-10-15 02:43:04,1316570257478176768,@lelakimempes0na xixixixi teruslah berkarya sobat walaupun tidak berguna
2020-10-15 01:42:55,1316555119694020608,@edangedongg mantab bank jago
2020-10-14 14:53:52,1316391779491442688,"RT @HanantasenaWP: Doa baik untukku, doa baik untukmu!"
2020-10-14 13:55:43,1316377147636768768,@Asnowoww valiiiid
2020-10-14 13:55:26,1316377073775075329,"RT @lelakimempes0na: Mentor : kuncinya satu, yaitu tetap semangat
me : https://t.co/7bZXyMCYB4"
2020-10-14 10:44:44,1316329085144981506,"@Fernandaltfm @kkndesember mari mari, demi keselamatan jiwa :)))"
2020-10-13 06:27:17,1315901905487368199,"@loosheaaa @txtdrolshopmine @pantonepantun yaampun kaget, sejak kapan ku ngefollow akun txtolshop di twitter. ternyata telur rebus 7 menit"
2020-10-13 06:24:11,1315901127800487936,"@amillliltimes luv u, untung aku bukan cwo"
2020-10-12 13:04:52,1315639573670633478,RT @20kMindset: deep talks ft. real feelings https://t.co/qv0pBdWHux
2020-10-11 17:26:23,1315342997932761089,@Taajkhansa https://t.co/YoK14mHG6n
2020-10-11 17:23:29,1315342270166515712,@fortunkukis lhooooo :((((
2020-10-11 16:45:24,1315332684294451200,@iqbalfk https://t.co/btcFulzreW
2020-10-11 01:01:33,1315095158786977792,RT @jxpann: Rain in Kyoto https://t.co/tarOZBVoRU
2020-10-10 06:36:28,1314817053455335425,@g_satya_m aduuuh gimana tuh rasanya? cc: @novemiarizcas
2020-10-10 03:21:53,1314768083869810689,@llllluffiiiii kren bgt :â€) sampe dipuji juri ğŸ‘ğŸ»ğŸ‘ğŸ»ğŸ‘ğŸ»
2020-10-10 03:18:35,1314767256266694661,@llllluffiiiii KWEREN BGT ALFATIIIIH :â€™)
2020-10-10 02:00:58,1314747724365922304,@llllluffiiiii Aamiin :â€™)
2020-10-10 01:41:38,1314742857794691072,@candrat_ waduduuuh :(((
2020-10-10 01:41:28,1314742816421998592,@helosals https://t.co/cRIwEkZQle
2020-10-10 01:39:53,1314742418030424065,@gumpalanlemak aamiin
2020-10-10 01:39:45,1314742382097625089,@fortunkukis meanwhile keinginan termustahil moli jadi manusia xixixi
2020-10-10 01:34:38,1314741095981432832,"nonton kri via yutub aja deg degan, apalagi kalo langsung ya :â€™)
GOOD LUCK, TEAM!!! â¤ï¸ğŸ’™ https://t.co/OT41gXPmju"
2020-10-09 09:36:34,1314499988873859073,@lelakimempes0na @updatekehidupan WKWKWKWKKW
2020-10-09 09:01:26,1314491147071352832,"mendengar percakapan bocah bocah yang sepedaan di depan rumah
ğŸ§’ğŸ» â€˜an, an, keinginan termustahil mu apa?â€™
ğŸ§’ğŸ¼ â€˜kamu aâ€¦ https://t.co/nimbT56227"
2020-10-09 04:21:06,1314420601965047809,@helosals memang sama sama bikin sekarat xixixi https://t.co/rXHkd7f8uy
2020-10-08 12:57:49,1314188248059531264,RT @republiktoilet: â €         â €â €  â €         â €        â €          . https://t.co/uJkjv9lLAl
2020-10-08 10:06:26,1314145117528182784,@slvmbering https://t.co/Q6lhD3yS5q
2020-10-08 02:55:37,1314036699396071424,RT @dinoman_j: https://t.co/1Q5Fodascf
2020-10-07 22:34:18,1313970935297241088,selamat pagi cikgu pororo https://t.co/0Q9eYu2P0q
2020-10-07 22:30:42,1313970030573305856,@daydaydonat @Fernandaltfm berapa piring?
2020-10-07 22:29:36,1313969755452186629,RT @___FAREED: just a reminder for you... https://t.co/FRoyh8A3Ul
2020-10-07 18:29:59,1313909450969817088,RT @CAPYBARA_MAN: Maurice https://t.co/QEG1BazGPX
2020-10-07 17:37:42,1313896293790441472,"RT @lopitasalma: [Jogja Only] Apakah kamu/kenalan kamu ada yang gigi depannya goyah dan ingin dirawat? DM me ğŸ˜Š 

Kalo lewat di TL, tolong bâ€¦"
2020-10-07 07:20:40,1313741013605732353,RT @heavenbrat: please everyone look at this duck https://t.co/1rJlxT9oWl
2020-10-07 07:19:44,1313740777332170752,@Fernandaltfm mengantisipasi dengan mengerjakan sedari awal di drive :â€™)
2020-10-06 18:16:27,1313543658826678272,@mausojuhalal anyong
2020-10-04 09:57:39,1312693358398066688,@lelakimempes0na yomaaaan ğŸ¤ŸğŸ»
2020-10-04 08:14:52,1312667491177431041,@fortunkukis ğŸ’™ğŸ’™ğŸ’™
2020-10-04 05:02:11,1312618998119297025,RT @anddiction: we grow by learning. we learn by growing.
2020-10-04 01:41:21,1312568457553043456,@yusufw_azka weeeeh tak kira tipu tipu :((
2020-10-03 14:55:08,1312405833011982336,"@Faireyhan ini juga tebak tebakan kong, jawab @slvmbering"
2020-10-03 14:54:16,1312405614157414402,@slvmbering wkwkwkkw rahasia
2020-10-03 14:41:29,1312402396178337792,"@DidaTaufiek aku punya tebak tebakan did, buah buah apa yang bikin cepet tidur?"
2020-10-03 12:42:36,1312372479013261312,@slvmbering PUNTEN LEWAT :)
2020-10-03 12:41:52,1312372297043333120,@alnitakkk @slvmbering WAKKAKAKAK sa ae klean
2020-10-03 09:34:32,1312325152391094274,@helosals ayo cepat cepat minggu depan
2020-10-03 09:33:04,1312324779987234817,@slvmbering @alnitakkk WKWKWKWKW COCOOOOK
2020-10-02 11:11:28,1311987156584284161,@apasehhh kan kamu memang konten twit fevritq
2020-10-02 10:54:18,1311982837940154373,teringat yang membuat kenal dengan @apasehhh yaitu sama sama orang tersisa di kelompok belajar UTS :))) https://t.co/bYLqXFoR8c
2020-10-02 08:13:44,1311942428518019073,@loosheaaa @apasehhh hari chr nasional ada ga?
2020-10-02 08:13:10,1311942286092115968,@karangkunci mari dibeli dan dicoba
2020-10-02 08:12:53,1311942216084934657,@loosheaaa @amillliltimes kombinasi hit
2020-10-02 07:00:12,1311923923404029952,ternyata garlic cheese breadnya salsahelo emang seenak itu :â€™)
2020-10-02 06:21:37,1311914215867785216,bersama @apasehhh mengucapkan selamat #HariBatikNasional https://t.co/Qy958D3mT3
2020-10-02 02:53:20,1311861797658320897,@selimutanmetmet indeed ğŸ”¥ğŸ”¥ğŸ”¥
2020-10-01 08:31:37,1311584540691894279,@azzasabilaa @Taajkhansa â€˜mbak azza di mute duluâ€™
2020-10-01 07:28:11,1311568576994660352,RT @artandtrip: https://t.co/0gJc4C6Ln0
2020-10-01 06:27:07,1311553211048685568,@rahmaelisoo wkwkwwkkw bu izin mengobrol ya - davel
2020-10-01 04:42:42,1311526932270387200,@azzasabilaa @Taajkhansa can relate :)
2020-10-01 04:07:51,1311518161997492228,@azzasabilaa udah capek ngecek webex tiap saat ga mulai mulai ya
2020-10-01 03:18:54,1311505842324205568,selamat H+1 frozen @rahmaelisoo https://t.co/3Pexoy8iQF
2020-10-01 02:15:50,1311489972063543296,"@gilangrizkyp @elang_pupin mana ada, pengabdi kelompok nomer satu tapi cuma ngga nyampein salam aja wkwkwkw"
2020-09-30 07:46:03,1311210684756062208,"RT @YoGojekYo: Semoga semakin banyak anak-anak Indonesia bisa mengenyam pendidikan tinggi.

Terharu ğŸ˜­ğŸ˜­ https://t.co/xXbEBOazmO"
2020-09-29 13:29:12,1310934654703333381,@loosheaaa huhuhu bener bgt :((
2020-09-29 12:57:08,1310926585923420161,@DidaTaufiek @fortunkukis wkwkwkww dimana ada dida disitu ada evi
2020-09-29 12:18:40,1310916904664461319,@DidaTaufiek semangat @fortunkukis
2020-09-29 12:17:44,1310916671113064449,@apasehhh aku akan belajar bersenandung hihihi biar bisa menikmati lagunya
2020-09-29 12:16:54,1310916459007111170,@apasehhh @loosheaaa 34 + boba taiwan
2020-09-29 09:58:29,1310881627279708160,@trtartm @adellynaat asiiik
2020-09-29 07:03:31,1310837595144744960,"RT @KuntoAjiW: Ngobrol sama kursi kosong, aku juga sering ngobrol sama otakku yang kosong."
2020-09-29 07:02:33,1310837349845098496,@adellynaat @trtartm ku siap bantu ngontakin temen temen lagi nih hihihi
2020-09-29 05:41:07,1310816857499164672,@loosheaaa huhuhu :(((( smangat 24++ sks loshea!!!
2020-09-27 12:53:31,1310200900703543297,"RT @nurhalimima: some day are good, some day are great"
2020-09-26 17:18:36,1309905221343010818,@Fernandaltfm @Rvaaaaaaa @apasehhh selamat malam camilan favorit @apasehhh
2020-09-26 13:51:46,1309853169753620480,"@ShintaShinting huhuu long time no see, semangat skripsian mbak shiiin ğŸ¤—"
2020-09-26 13:08:01,1309842159021875202,@amillliltimes huhuhu https://t.co/gRTEa71zn5
2020-09-26 13:06:08,1309841687250780160,@ShintaShinting https://t.co/s36OjlYycC
2020-09-26 12:45:10,1309836412313772032,@Faireyhan tolong dinilai @slvmbering
2020-09-26 12:27:13,1309831892888293377,"@oveeeeeeeee ayo refreshing pe, biar ngga bosen ke N terus"
2020-09-26 11:36:24,1309819103746519041,@oveeeeeeeee well done alfan ğŸ”¥ğŸ”¥ğŸ”¥
2020-09-25 09:11:03,1309420138869870593,"@DidaTaufiek @helosals wkwkwkwkw, any comment? @fortunkukis"
2020-09-25 04:39:07,1309351702802255872,@Faireyhan akhirnyaaa
2020-09-25 00:08:20,1309283557349584896,@mausojuhalal https://t.co/QHUWCauBFn
2020-09-24 18:51:54,1309203925015257089,@iqbalfk kweren tenan
2020-09-24 15:05:09,1309146863589830657,"time is precious, nak - mama"
2020-09-24 12:35:43,1309109255606276096,@mausojuhalal https://t.co/x3PaV4qnEL
2020-09-24 09:07:36,1309056882779344896,@helosals benar sekaliiii ğŸ˜­
2020-09-23 12:43:00,1308748700659843072,"RT @miyuhyee: dosen mana coba baik banget ngeshare materi kuliah di youtube. Dimana susah sekali nyari resource berbau kuliah di youtube

fâ€¦"
2020-09-23 10:37:59,1308717238623432704,"RT @Kingkrishie: Me : ................. *baca pembahasan soal*
My ğŸ§ : ""bisa bisa nya gue disia-siain""

ğŸ˜¥ğŸ˜¥ğŸ˜¢ğŸ˜¥ğŸ˜¢ğŸ˜¥ğŸ˜¥"
2020-09-23 07:16:07,1308666437087584258,@Fernandaltfm baru ngeh wkwkkw
2020-09-22 14:21:11,1308411020646416385,@amillliltimes tweet terakhir plot twist bgt :(((
2020-09-22 11:28:22,1308367529790767105,@karangkunci ğŸ’¯ buat mas peyek
2020-09-22 08:39:02,1308324915821473792,@adellynaat pesugihan the sims
2020-09-22 08:08:27,1308317222255828992,@akmallzza @elang_pupin @ffarhanmhmd_ @adkestwit_ugm valid bgt akmaludin wkwkwkww
2020-09-22 00:12:22,1308197409910976512,@amillliltimes yuk
2020-09-21 18:07:38,1308105622311694336,bersama @FrinadaR https://t.co/r6Pi9hlqr0
2020-09-21 14:31:28,1308051224281804801,@Rvaaaaaaa double degree lewat
2020-09-21 12:51:33,1308026078955409409,@iqbalfk @helosals wkwkwkw kadang lupa kalo itu matkul ngulang
2020-09-21 09:13:33,1307971217882673152,@mausojuhalal yuk
2020-09-21 04:38:20,1307901956392845313,@slvmbering buy 1 get 1 free gak kak?
2020-09-21 04:38:02,1307901880769499138,@fortunkukis mengecat kuku ketika mens memang refreshing
2020-09-21 04:37:25,1307901724326158337,@mausojuhalal gas
2020-09-20 15:30:15,1307703626563948546,"RT @HanantasenaWP: Secukupnya, semampunya"
2020-09-20 12:57:17,1307665130960744452,@langitpag kayak ga asing @updatekehidupan @fortunkukis @lintang_maulida
2020-09-18 10:08:16,1306897821300215809,RT @Nazrulazizi: Remember... https://t.co/4VojFOdxzy
2020-09-18 09:55:45,1306894671952490496,@fortunkukis uwuwuwww smangat eviii
2020-09-18 09:55:20,1306894569473097728,@amillliltimes ewkekwkww my spirit animal
2020-09-18 08:47:44,1306877557141385216,RT @msnadyaannisa: no words ğŸ‘ğŸ» https://t.co/bXFEUoHvoM
2020-09-18 08:46:16,1306877186167758849,"RT @joshuamartua: Mohon bantuan untuk skripsi,
Ada yg punya kenalan dengan salah satu petugas satgas covid? Atau yang punya kenalan denganâ€¦"
2020-09-18 08:45:07,1306876897851301888,@amillliltimes menebak angka karena gatau caranya can relate
2020-09-18 05:53:02,1306833590613716993,@fortunkukis @DidaTaufiek wkwkwkwkw
2020-09-18 03:14:18,1306793642988691456,@helosals nambah satu lagi
2020-09-17 20:11:19,1306687198830317568,"@elang_pupin @nanidlot berdasarkan testimoni sih cocok bgt buat anda kak, sesuai dengan jalan hidup"
2020-09-16 07:44:33,1306136879775899649,RT @CynthiaTheBrand: social media has ruined everything... standards... mind sets.. goals.. society
2020-09-15 14:20:55,1305874238302089218,@mausojuhalal aamiin
2020-09-14 07:40:37,1305411113622798336,@iqbalfk @gumpalanlemak wkwkwk keren emang
2020-09-14 03:35:45,1305349488911892481,RT @chandrikayu: Pagi pagi udah menertawakan diri sendiri aja
2020-09-13 16:06:36,1305176060900720640,"RT @zahwaisl: Hello, this is my first Tiktok. Dedicated to World Suicide Prevention Day. Semoga kita terus belajar untuk menjadi zona amanâ€¦"
2020-09-13 10:15:26,1305087687427203073,RT @KahDoubleE: No betrayals. https://t.co/LMannO3EEZ
2020-09-13 08:54:29,1305067313910042626,@chandrikayu bangun bangun â€˜yah cuma mimpiâ€™
2020-09-13 08:18:37,1305058287214231553,takut salah pilih huhu :(
2020-09-12 10:24:29,1304727575252541441,@slvmbering nice thought
2020-09-12 08:28:50,1304698471321010176,RT @chandrikayu: Part paling nyenengin saat beberes kamar adalah: flashback
2020-09-12 04:52:03,1304643915283230721,RT @yourpalx: Lomba lotek pemenangnya lopan putri. https://t.co/YDApaxYmF8
2020-09-11 22:33:25,1304548630171234305,"@gajahra tiap uts dan uas, njereng buku https://t.co/e5LI6S7goX"
2020-09-11 03:12:50,1304256560928043008,"@Rahmakumala4 asiiiik, memanggil suhu @novyaditya"
2020-09-11 03:11:07,1304256127769640966,RT @zhafranhaidar_: Bismillah BMS2020 Take OffğŸ›« https://t.co/8BJ85jBmZ9
2020-09-11 03:10:37,1304256001772748801,"RT @gilangrizkyp: ""Kalau kalian ingin pergi cepat, pergilah sendirian, kalau kalian ingin pergi jauh, pergilah bersama2""
-pak budshol

uwuâ€¦"
2020-09-10 15:39:47,1304082148035420160,"RT @psikomediaugm: [My Friends Have Suicidal Tendencies, What Can I Do for Them?]

Penanganan terhadap orang yang memiliki suicidal tendencâ€¦"
2020-09-10 15:18:45,1304076854739914752,RT @loversinfilm: gonna go here &amp; sit in silence for hours https://t.co/VUTb1grPSt
2020-09-10 02:55:22,1303889777213599745,RT @GiaPratamaMD: 1 ons usahamu mencegah sakit itu senilai 1 ton usahamu menyembuhkan sakit.
2020-09-09 20:08:04,1303787276078465024,so who am I offending now?
2020-09-09 14:56:07,1303708770736902145,RT @dwihandaanda: Freya adalah aku dalam melihat semuanya saat ini... capeğŸ˜Œ https://t.co/sQuUNFbWlO
2020-09-09 05:34:35,1303567455025991681,@edangedongg masih lebay
2020-09-09 05:24:59,1303565040881074177,@rahmaelisoo selamat mengkoordinir hari H PPSMB frozen ğŸ¤ŸğŸ» https://t.co/iCLU8eF265
2020-09-08 22:58:36,1303467803945525248,"RT @Abbiihazz: Allah tak menyegerakan sesuatu, kecuali itu yang terbaik. Tidak melambat-lambat sesuatu, kecuali itu yang terbaik."
2020-09-08 06:50:27,1303224162127757313,@rahmaelisoo ternyat bukan cuma aku yg ngira :((
2020-09-07 16:35:10,1303008922731597837,@slvmbering hihihi mav cikgu kecil
2020-09-07 09:12:58,1302897640493838336,sawadee kha happy now https://t.co/4pIE7oizer
2020-09-07 06:54:38,1302862826365530113,@slvmbering sarapan kita mulai minggu depan
2020-09-07 04:24:09,1302824956342935553,"RT @yuerekk: Gilak gilak gilak @ppsmb_ugm !! Ga nyangka sebagai penonton virtual bisa kebawa merinding suasana dari potonganÂ² video, ilustrâ€¦"
2020-09-07 01:51:51,1302786626519576576,RT @Rvaaaaaaa: Ppsmb online tetep keren
2020-09-06 22:01:00,1302728531151958017,RT @sakhansaaa: Nyoba nyanyi pake saxo lagi.. Masih belajar tapi ketagihanğŸ˜‚ how deep is your loveeee? https://t.co/IaNimyV8jx
2020-09-06 12:32:47,1302585536587022338,"RT @amaliarchmah: Mungkin kita gak selalu menemukan orang yang menyenangkan dan orang yang baik, maka jadilah salah satunyağŸŒ»
@dwihandaandaâ€¦"
2020-09-06 11:39:56,1302572237959000064,RT @WatchmenID: iya terus begitu terus iya https://t.co/QGCV19uYMO
2020-09-06 03:54:03,1302454992016605185,@slvmbering bener juga lantujanmu
2020-09-06 02:43:13,1302437166216179712,@apasehhh hiyahiya minceu yang sempat bimbang memilih meta atau ngga
2020-09-06 00:42:07,1302406692320063488,"RT @updatekehidupan: â€œStay groundedâ€
Is the best advice i could give to my self at the moment."
2020-09-05 22:37:07,1302375235425984512,RT @HamzaMacabago: Did you know that 4 of Makoto Shinkai's Anime movies showed obstacles of love? Which the movies portrayed that you can oâ€¦
2020-09-05 19:31:19,1302328475324350464,"and I think to myself, what a wonderful world"
2020-09-03 19:55:20,1301609744528883712,RT @aerongrcia_: i was toxic to someone and a blessing to others. i'm willing to admit i wasn't always in the right.
2020-09-01 12:03:13,1300766157738106883,RT @alpinnn: Iklan sotosop ini sungguh ğŸ˜±ğŸ˜±ğŸ˜± https://t.co/vrrqKencD0
2020-09-01 09:16:11,1300724120691175429,@slvmbering selamat petang uncle muthu
2020-09-01 09:07:15,1300721874217787393,@slvmbering selamat sore cikgu kecil
2020-09-01 03:50:09,1300642070604910595,"RT @tiayyaambis: pas dijelasin â€œoh iya pahamâ€ pas disuruh ngerjain soal jadi keong, hah heh hoh doang"
2020-08-31 18:32:12,1300501658741301250,@mausojuhalal @ayamchitkin @UGM_FESS kekwkwkwk bener bruuhhh
2020-08-30 18:17:42,1300135623735431169,@fortunkukis @updatekehidupan lucu bgt warnanyaaa
2020-08-29 15:00:48,1299723682655268866,@karangkunci https://t.co/ukgeAurxb8
2020-08-29 14:58:57,1299723219935485954,@yaahboobay https://t.co/BVMQVsvyg4
2020-08-29 11:31:31,1299671017233678337,"keren bgt, asli"
2020-08-28 11:57:50,1299315252216041480,RT @lelakimempes0na: semua orng ayo saling menyemangati satu sama lain persetan dengan toxic positivity
2020-08-27 23:44:44,1299130760381624320,RT @aishakinaaa: bangau oh bangau https://t.co/qSknO8QZbX
2020-08-27 09:29:29,1298915531089514498,@apasehhh minceu ketinggalan kabar baik karena terlalu banyak menguap dan rebahan
2020-08-27 04:25:51,1298839118273626112,senyum scilogbender mendengar kabar baik pagi ini https://t.co/TJIGwm62Gs
2020-08-26 04:09:04,1298472504424448001,RT @JeromePolin: gak harus selalu baik baik saja
2020-08-25 10:54:13,1298212078625292289,RT @ashalostinhell: if you have bad day here some to cheer you up https://t.co/AxF7aKIHek
2020-08-25 05:58:47,1298137729281093632,"@elang_pupin @edangedongg oiya, auto tenar seantero jogja ntar gar"
2020-08-25 05:04:20,1298124024350793729,@edangedongg summon bos aryak guru vokal andalan ipa 6
2020-08-25 03:16:25,1298096869843693569,"@apasehhh @anonimsajaya wkwkkww ngekek, memang sependapat ma bunda minceu yang asli"
2020-08-24 13:46:20,1297893001964863490,@biilaynr wkwkwkkww :))))
2020-08-24 09:26:42,1297827666570010625,RT @morganhnichols: a few reminders ğŸ™âœ¨ https://t.co/ZgzUALsYxV
2020-08-22 01:15:08,1296979180916060160,@yusufhabibi2701 piye han testimoni @hanifiana_
2020-08-21 19:53:38,1296898274280972288,@slvmbering level up
2020-08-20 23:21:20,1296588154015637505,@apasehhh @Fernandaltfm ehehehe
2020-08-20 17:41:21,1296502598262861824,"@Fernandaltfm @apasehhh cemilan favoritmu apa? 
one and only minceu: sate padang dan nasi padang"
2020-08-20 14:14:03,1296450427874091008,@Faireyhan @slvmbering stock stiker wa melimpah
2020-08-19 12:15:47,1296058277214613504,@slvmbering @Ummahflda https://t.co/FMcV0xcPv1
2020-08-19 03:43:19,1295929310335733760,@hanifiana_ meet up di bandung sounds challenging
2020-08-18 16:54:11,1295765950415814657,@gajahra enak dong
2020-08-18 00:46:54,1295522525045121024,@hanifiana_ ditunggu #3 nya https://t.co/eNsg39ANvg
2020-08-16 02:31:56,1294824184862748672,@fortunkukis @updatekehidupan @Fernandaltfm cemilan favorit fernanda
2020-08-15 06:21:04,1294519458145263616,@elang_pupin @fajar17 @basith21 aku tim kuyhaa sih
2020-08-15 03:07:32,1294470753287467011,@slvmbering kirim kirim
2020-08-15 02:37:51,1294463285387902976,@slvmbering iya syg
2020-08-14 22:52:13,1294406501063262208,@lusiaestihito @helosals idem hito hihihi
2020-08-14 22:51:22,1294406286956564480,@amillliltimes ikut senang :â€)
2020-08-14 13:48:11,1294269590923436032,@ydwardana__ @gajahra wkwkwkkw cocok :))))
2020-08-14 09:44:06,1294208165936996352,"@fortunkukis alhamdulillah, selamat dek bagaaaas ğŸ‘ğŸ»ğŸ‘ğŸ»ğŸ‘ğŸ»"
2020-08-14 05:52:38,1294149913563955201,culek (kaos kuning) kalo lagi main sama @gajahra (kaos pink) https://t.co/3XxhB0QnZC
2020-08-14 01:42:45,1294087029190344704,@alnitakkk 11 12 sama keisha @slvmbering
2020-08-13 23:58:31,1294060797463691264,RT @Gilang_Mahesa: - mereka tidak mendapatkan bintang di bumi - https://t.co/hm3jwP6cnt
2020-08-13 23:54:50,1294059871873114112,RT @gildedwolvs: indonesian books have the best covers.... we're truly superior huh? https://t.co/C2OEB2LLOZ
2020-08-13 23:46:42,1294057822829686785,RT @maamnabs: Online class will be more exhausting. Not necessarily physically. But we all know how helpful it is to be surrounded by classâ€¦
2020-08-13 16:01:29,1293940748170100741,@karangkunci :(((((
2020-08-13 15:30:08,1293932859007238145,@gumpalanlemak @lusiaestihito @yaahboobay @memefess @iqbalfk auto ngekek :(((( bisa bisanya daniswara
2020-08-13 15:29:36,1293932723334127617,"@Asnowoww muter muter miramar dulu aja kak, cari angin segar"
2020-08-13 15:28:33,1293932462746173440,@elang_pupin Sabar sabar
2020-08-13 13:45:32,1293906536666783750,@karangkunci karang nyepelekke kunci
2020-08-13 12:05:44,1293881419660288001,@Fernandaltfm WAAAAAOW bisa bisanya
2020-08-13 12:04:56,1293881221273927681,@fortunkukis @updatekehidupan @lintang_maulida LOHLOH padahal kemarin kukira firdia yang ketawa paling pertama :((( trus siapa dong
2020-08-13 01:04:53,1293715113577340928,@Asnowoww ternak sapi aja kak
2020-08-12 00:52:32,1293349616025395200,"@maybachti waaaaow, kren banget teman kita kong @slvmbering"
2020-08-11 19:17:26,1293265287647645696,@iqbalfk pengen ritwit :(
2020-08-11 19:15:59,1293264921430384642,@karangkunci kita sedang berpikir
2020-08-11 19:15:45,1293264862538129408,@amillliltimes huhu iya juga :((
2020-08-11 19:15:26,1293264781705535488,@Fernandaltfm wkwkwkw benaaar
2020-08-10 21:03:45,1292929652860710912,semakin kamu berpikir semakin kamu menyadari
2020-08-10 08:36:56,1292741709130997760,"RT @itbfess: 3-4 bulan kedepan, ayoooo orang-orang baik, kalo ada rezeki berlebih boleh bgt cek link di profile yaaa. kaloo belum, minta toâ€¦"
2020-08-09 16:04:49,1292492037619511296,RT @BudeSumiyati: Tak ada hari yang tak hadeuh
2020-08-09 08:21:13,1292375368435785730,@fortunkukis cant wait to see you! https://t.co/yqCCaU1zNd
2020-08-08 05:11:33,1291965248879001601,RT @Raesaka: Iklan gojek buat release internasional yang ini superb! ğŸ˜±ğŸ˜±ğŸ‘ğŸ»ğŸ‘ğŸ» https://t.co/KFxOxwhNdE
2020-08-05 10:24:15,1290956779862388737,"RT @EdwardAspinall: RIP Prof Cornelis Lay, one of Indonesiaâ€™s leading scholars of politics, and a wonderfully warm, generous, and inspiringâ€¦"
2020-08-05 03:14:28,1290848620443365376,"RT @AbirGhattas: My brother sent me this, we live 10 KM away from the explosion site and the glass of our bldgs got shattered. 
#Lebanon htâ€¦"
2020-08-03 11:15:38,1290244935287844865,RT @angga_eighties: Harap kepada @GojekIndonesia untuk memberikan apresiasi setinggi langit kepada mitra driver a.n. Yos Suwandi atas pelayâ€¦
2020-08-02 13:59:13,1289923714490884097,@amillliltimes pengen RT!!!!
2020-08-01 11:04:05,1289517249733070848,"@amillliltimes camp meditasi sounds good, apalagi di bali heheu"
2020-08-01 11:03:32,1289517111836999680,@amillliltimes mauuuu
2020-08-01 08:32:01,1289478984187523073,@amillliltimes :(((((( setuju bgt 2 kalimat terakhir :â€)
2020-07-31 00:31:40,1288995711707561984,RT @dwihandaanda: Aku saat kepala sekolah sidak kantin pas jam pelajaran. https://t.co/Po8NQFdm6V
2020-07-30 11:20:19,1288796562752036865,@gilangrizkyp wkwkwkw giling
2020-07-30 10:35:03,1288785169248161792,"RT @FFaudy: Semalam bolak balik bangun, ga nyenyak kayak biasanya. Ternyata tadi pagi dapat kabar duka. Innalillahi wa Inna Ilaihi Rajiun,â€¦"
2020-07-29 02:05:52,1288294642249658370,@amillliltimes so kyooot
2020-07-29 01:07:34,1288279970964312064,@apasehhh mingit briiiw
2020-07-29 00:41:56,1288273518895882240,"RT @razuriy: From:
""Kita gak bisa shooting nih, PSBB""

To:
https://t.co/sgt9cybLDd"
2020-07-28 09:34:05,1288045051495370753,@slvmbering ay ay captain
2020-07-28 09:30:02,1288044030589206529,@slvmbering oalaaaah
2020-07-28 07:16:33,1288010438605541377,@amillliltimes pantas kok followers gak nambah nambah
2020-07-27 18:22:36,1287815666746028032,RT @Adriandhy: Deadlines donâ€™t care about your feelings.
2020-07-27 13:40:11,1287744595892166657,@amillliltimes wise man say: https://t.co/q5ikeufuXE
2020-07-26 19:04:08,1287463732709191680,@elang_pupin sudah kuduga :))
2020-07-25 13:14:24,1287013331211915264,@biilaynr @FrinadaR @efclass gapapa yang penting berasa di bioskop kalo nonton film
2020-07-25 12:54:23,1287008295408922625,@FrinadaR @efclass premium emang
2020-07-25 12:27:46,1287001595289378816,"stujuuuuu, ya gak @efclass ? https://t.co/3GxUgtGjyy"
2020-07-25 12:06:11,1286996165125316609,@slvmbering waaaaaow
2020-07-24 23:26:10,1286804899229872128,RT @KuntoAjiW: Merem uds pasti sugab. https://t.co/gHX14c5hsf
2020-07-24 17:46:20,1286719377224527872,RT @taylornation13: â€œYou put me on and said I was your favoriteâ€ â™¥ï¸ğŸŒŸ #folkloreOutNow https://t.co/OhNtttMqKe https://t.co/1t3diRmxYa
2020-07-22 05:50:43,1285814510410842112,@fortunkukis @updatekehidupan @lintang_maulida rinduuu
2020-07-22 05:47:59,1285813823841042433,Lintang Kartika reunitedâœ¨ https://t.co/9vtzmGYHIA
2020-07-20 21:12:38,1285321742387261440,@septikacintyaa WKWKWKKWKW seeep :â€)
2020-07-17 16:59:16,1284170817345957888,@chandrikayu mantaab chandrika
2020-07-16 20:49:16,1283866311894814720,@apasehhh pusing soro
2020-07-16 20:19:22,1283858785698603009,RT @Rvaaaaaaa: Cara memanggil @iqbalfk
2020-07-16 19:48:20,1283850978668642304,@FrinadaR @gajahra enak jam segini indomie
2020-07-16 18:37:49,1283833233180782593,@gajahra ganti lagu kondangan? wkwkwkw
2020-07-16 18:30:32,1283831400123129859,@gajahra sekarang ikut ikutan error wkwkwkwkw
2020-07-16 18:20:36,1283828899391004672,@gajahra lagi mau ngerasani :((((
2020-07-15 11:22:31,1283361294930726912,@hanifiana_ ditunggu #2 nya @hanifiana_ https://t.co/SDD6sfqRK9
2020-07-15 11:18:57,1283360400294023168,RT @HanantasenaWP: Kapan terakhir kali kamu dapat tertidur tenang?
2020-07-14 11:47:04,1283005086801653760,@slvmbering @gajahra cus sini touring ke utara
2020-07-14 11:37:26,1283002663362129920,"@gajahra masakan mbok gajah sudah di acc kawan kawan kkn muarabulan, siap buka dapurgajah"
2020-07-14 01:07:33,1282844148899299330,"RT @YoshinLntian: this song has gotten more meaningful in the worst way possible, rest in peace naya https://t.co/C7inCLQEEG"
2020-07-13 03:30:45,1282517796853673992,"@gajahra same energy, rapat kondangan https://t.co/q8wroMhtEb"
2020-07-12 19:13:46,1282392727972220929,whatâ€™s happening? sad but okay
2020-07-12 05:53:41,1282191379142066176,@hanifiana_ gampang wkwkwkw aku tim transport kamu tim acara
2020-07-11 23:52:07,1282100389014200320,@hanifiana_ main ke rumah ajaaa
2020-07-11 23:51:57,1282100347100524545,"@elang_pupin waalaikumsalam, tenang ujeng dan kelvin siap nyoba dulu"
2020-07-11 23:50:16,1282099921282203648,@msnadyaannisa waduuu kaknud
2020-07-11 23:50:07,1282099883575402496,@karangkunci https://t.co/UqPCbkbAzz
2020-07-10 17:45:08,1281645647834132480,dan bahwa manusia hanya memperoleh apa yang telah diusahakannya [53:39]
2020-07-10 02:47:30,1281419750589906948,@gajahra wkwkwkkw kasian gak dibuka bukain
2020-07-09 04:46:41,1281087356741709826,@iqbalfk menurutku sih begitu
2020-07-09 04:23:14,1281081451748880387,"@iqbalfk nah, justru harusnya adil gak sih"
2020-07-09 04:02:36,1281076260735610880,@Rachmat_Pyoga kren kak quotesnya
2020-07-09 04:02:18,1281076187104567296,@iqbalfk adil bukan berarti sama
2020-07-08 12:37:36,1280843478138671106,"@iqbalfk tenang, ada kawannya :))) yang penting jgn lupa presensi"
2020-07-08 10:56:47,1280818104642101248,@slvmbering @ffarhanmhmd_ @ColIegeStudent salam buat sisa sisa rafia di rumah
2020-07-08 10:43:41,1280814809475190784,"RT @JeromePolin: it won't be easy, but it will all be worth it. Fighting!"
2020-07-08 05:17:42,1280732773917974528,"@slvmbering @ColIegeStudent edan lur, the real midnight adventure"
2020-07-07 22:47:13,1280634504537706496,"welcome back, kehidupan sederhana q https://t.co/mjtRUKoNBH"
2020-07-07 22:38:09,1280632222295355392,"RT @KuntoAjiW: Kerjakan selama membuatmu senang, dan tidak merugikan orang lain."
2020-07-07 22:18:12,1280627200446754817,@lusiaestihito @DidaTaufiek wkwkwkw aku pun
2020-07-07 17:35:38,1280556093400178688,tea with shocking soda https://t.co/TllfHhUWNn
2020-07-06 09:18:04,1280068485335269376,@khabibikhoirul waw kren bgt mas
2020-07-06 03:27:13,1279980194271383552,@mf_arkan biar bisa diajak jalan jalan sore
2020-07-06 03:17:26,1279977730650419200,"RT @warungsastra: KKN online memang konsep absurd. Seakan warga yang butuh ilmu dari mahasiswa UGM. Padahal sebaliknya, mahasiswa UGM yangâ€¦"
2020-07-06 03:16:20,1279977454136778752,RT @Ghilmanisme: Normalize ngajak ikan peliharaan jalan-jalan sore di taman
2020-07-06 00:05:21,1279929392655773696,"RT @cavellduz: â€¢ ANTI-TOUCH â€¢
Halo! Jadi kami menjual Corona Finger/Gantungan Kunci Anti Corona nih! 

Kami percaya besar sedikit nya, alatâ€¦"
2020-07-06 00:04:01,1279929057635733507,@Asnowoww pengen ritwit
2020-07-05 22:47:53,1279909896427679744,@karangkunci wkwkwkwkw :(((( https://t.co/4aXj0ICt9H
2020-07-05 22:37:30,1279907283929927681,"selamat pagi dunia, pengen jadi ikan buntal"
2020-07-05 14:45:28,1279788490926874627,"@slvmbering minum minum dulu kak sambil sebats ma opah, jgn lupa chill"
2020-07-05 03:12:51,1279614188948615170,@iqbalfk insekyur dari semalem gak ilang ilang bowl
2020-07-04 18:38:02,1279484631033581568,@gajahra diambil mbake paling xixixi
2020-07-04 18:36:47,1279484317647831040,@gajahra lha lancar lancar aja ik
2020-07-04 18:18:06,1279479616776724480,@gajahra hadeeeeh
2020-07-04 16:16:22,1279448981609693185,@slvmbering jgn lupa ngudud bareng opah
2020-07-04 16:15:06,1279448660560932864,@gajahra lagu kondangan :((((((
2020-07-04 16:14:41,1279448555460034561,@ADominae77 wkwkkwkw smgt kak
2020-07-04 16:06:34,1279446514557833217,"@apasehhh tanam tanam ubi, tak perlu dibaja"
2020-07-04 16:02:36,1279445515436883968,"kuliah kerja ngonline ternyata capek, bingung, tapi asik juga ya
smingit muara bulan!!!"
2020-07-04 15:54:11,1279443399154601984,@alnitakkk @slvmbering wkwkwkkwkw :(((( apakah ini taqiyaki?
2020-07-03 13:35:12,1279046031439618053,@alnitakkk @elang_pupin met berdrama dengan kehidupan jg hatori!!!! kapan makan miayam depan tld?
2020-07-03 12:52:52,1279035379035721729,selamat ulang tahun ninja hatori @alnitakkk https://t.co/hORxuSjrs2
2020-07-03 11:20:45,1279012197117517824,"RT @GiaPratamaMD: Kupu-Kupu sama sekali tidak bisa melihat keindahan warna sayapnya, tapi kita bisa.

begitupula kamu, kadang kamu melihatâ€¦"
2020-07-03 10:38:32,1279001572710608899,@Fernandaltfm latihan literature review fer
2020-07-03 04:02:19,1278901864088481794,@Fernandaltfm wedyaaan
2020-07-03 04:01:53,1278901753027551234,@slvmbering tough
2020-07-02 19:00:11,1278765430476169218,@apasehhh pengen ritwit tapi gabisa :((( https://t.co/uXYYoPYF1x
2020-07-01 19:54:37,1278416739982704640,@karangkunci ulululuuu
2020-07-01 19:27:15,1278409855573737473,@iqbalfk sofiii :((( wkwkwkwkw
2020-07-01 16:53:10,1278371076204945409,@gajahra melihara timmy
2020-07-01 16:45:32,1278369156547526656,@gajahra pengen punya cempe pa bledug?
2020-07-01 00:22:07,1278121671946170368,RT @___ikh24: Huhu mengalami fase2 krisis kepercayaan diri karena merasa kualitas diri semakin menurun drastesssğŸ˜¢
2020-07-01 00:19:50,1278121095531335680,@maharaniasl_ pengen ritwit
2020-06-29 18:34:31,1277671808691392513,"RT @ejakejak_: just hang in there, its nearly over, please be strong, just hang in there"
2020-06-29 18:30:41,1277670841694556162,@Rahmakumala4 yaaah sedih kum
2020-06-29 17:10:36,1277650686843383811,"@slvmbering @ayumnauz yuna kalo mau dibuatin stiker juga tinggal pesen arkong, udah teruji kualitasnya"
2020-06-29 16:04:48,1277634131015303168,@slvmbering proker kkn bikin stiker wa
2020-06-29 11:51:16,1277570327740964867,@apasehhh ku udh mulai sumpek melihat tingkahku :((
2020-06-29 11:15:27,1277561312516567041,"RT @yuerekk: Penerjunan KKN Online UGM 2020
.
Itu totebag kalo diloot isinya logbook, kartu nama sama buku panduan program.
.
Selamat mengaâ€¦"
2020-06-29 08:59:19,1277527051365314562,@edangedongg siap mengabdi banget ya kak
2020-06-28 08:31:52,1277157757469130752,dulu tiap nonton phineas and ferb selalu banyangin libur selama itu pasti asik banget. sekarang saking lamanya bingâ€¦ https://t.co/kuA881clqJ
2020-06-28 01:36:47,1277053298801930240,RT @titsay: do not be too hard on yourself https://t.co/U6ahfGKpuf
2020-06-26 17:45:19,1276572261684658176,@septikacintyaa @ffarhanmhmd_ farhan emang selalu cerita semuanya ke semua orang sep :((
2020-06-26 17:35:53,1276569888606175233,@ffarhanmhmd_ wkwkwkwkw jadi auto flashback cerita love life farhan di upnormal
2020-06-26 10:48:07,1276467269355225088,"lalu ngampirin ke rumah sebelahnya â€˜rafiii rafiiiâ€™ dengan nada khas anak anak
lovely bet"
2020-06-26 10:44:54,1276466461192536064,"lagi duduk duduk di ruang tamu tiba tiba denger suara anak kecil ngampirin ke rumah sebrang sambil teriak â€˜jaluuu,â€¦ https://t.co/fIQGuhTh8x"
2020-06-26 02:13:40,1276337805061308416,"@firsatulipa @lintang_maulida @fortunkukis keren banget :â€) spacive versi real
ayo lintangkartika#2 https://t.co/Asjmzb1XEu"
2020-06-26 02:06:24,1276335977087160320,@gumpalanlemak @Taula_ wkwwkkw apatu
2020-06-24 16:45:39,1275832471959924736,RT @Kingkrishie: Wenn dativ &amp; akusativ hitsss BOOM it will send our ass to A.1 again ğŸ˜‚ğŸ˜‚ğŸ˜‚
2020-06-24 03:10:22,1275627298335502336,RT @memeternet: https://t.co/qJ0oXxAPBh
2020-06-24 02:38:31,1275619282911543296,@selimutanmetmet kalo lagi kenyang pasti bikin ga pengen makan juga. kenapa ya
2020-06-22 12:35:52,1275044836404375552,@iqbalfk https://t.co/3PPeWAMWAI
2020-06-22 11:45:20,1275032116334440448,@Taajkhansa @apasehhh pengen ritwit juga
2020-06-19 13:26:38,1273970446963052545,"dulu punya hewan peliharaan gapernah awet, kenapa sekarang punya kebuduan awet bener :(( https://t.co/YVhXADinW4"
2020-06-19 13:21:33,1273969168451137539,@Rvaaaaaaa @lusiaestihito @apasehhh arvo why :((( wkkwkwkw
2020-06-19 13:21:20,1273969112570449927,@apasehhh faedah buatku!!!
2020-06-19 10:27:34,1273925381909667843,@slvmbering @gajahra cukup liat twit arkong dah berasa nonton
2020-06-19 10:17:47,1273922922340466688,"@gajahra @slvmbering emang gitu arkong, wis koyo oa hosplay"
2020-06-19 08:41:07,1273898593515003904,@helosals kembaran mbalealy di seribususu
2020-06-16 06:21:45,1272776359106899968,kenapa cuma dengerin lagu bisa sesedih dan senyata itu
2020-06-16 05:03:15,1272756601733013504,"@slvmbering @rarawp bner juga kamu wkwkwkkw, setelah diliat liat mirip :(("
2020-06-16 02:33:20,1272718875855994880,@apasehhh rindu minceu di jogja
2020-06-15 17:32:06,1272582668966703104,@maharaniasl_ @llllluffiiiii @ayamchitkin lah lah lah masih dibahas aja patah patah
2020-06-14 13:48:58,1272164126882594817,@slvmbering â€˜ngelucu dong nabâ€™ versi dhenub
2020-06-14 13:41:03,1272162134709825537,"@slvmbering huhu lovely sekali :â€)
thanks a lot bbkrem ğŸ’™"
2020-06-14 08:05:12,1272077614476193792,@g_satya_m asyhadu alla
2020-06-14 00:40:58,1271965821561008129,@yusufhabibi2701 ululuuuu
2020-06-13 22:00:23,1271925410469515265,@g_satya_m sabar mas sabar
2020-06-12 13:30:30,1271434705242488834,@daffa_bonzo27 mikir keras
2020-06-12 04:06:10,1271292684628406273,"RT @9GAG: Same sh*t, different day. https://t.co/diH7VKIynI"
2020-06-11 21:08:34,1271187595347673088,"kadang emang orang susah percaya sampe mereka ngerasain sendiri :((
too bad"
2020-06-11 08:19:07,1270993954545127427,@ayamchitkin @llllluffiiiii @maharaniasl_ dia yang paling semangat misuh misuhnya
2020-06-11 08:18:26,1270993782306033666,@ayamchitkin @llllluffiiiii @maharaniasl_ jangan mau dibodohi lagi ya cit :(((
2020-06-11 08:17:48,1270993624688242689,@llllluffiiiii @maharaniasl_ @ayamchitkin wkwkwkwkw :(((( kasian pandu
2020-06-11 05:58:41,1270958614790860800,@llllluffiiiii patah srondol? cc: @maharaniasl_
2020-06-10 04:49:05,1270578709251014656,@Faireyhan wkwkwkw bisa ae bang
2020-06-10 04:48:00,1270578437829218304,"RT @ilhamprim: ketika ada perilaku seseorang yg salah, tidak berarti Anda berhak menghina fisik orang tersebut.

oh iya satu lagi, jangan lâ€¦"
2020-06-10 03:05:42,1270552694860550144,"RT @Ariefboediman: Dirty chick cuma ganti nama jadi Dchicken , rasa masih sama ğŸ‘ŒğŸ» https://t.co/UBiZTRgHIZ"
2020-06-09 14:46:31,1270366672746999814,@Fernandalutfm @apasehhh @firsatulipa camilan favoritnya yasmine kalo itu
2020-06-09 14:28:59,1270362259827486721,"@apasehhh @firsatulipa WKWKKWKWKWW ngekek, ternyata ada kawannya kamu ya :)))"
2020-06-09 08:11:29,1270267259806552067,@karangkunci auto inget video parodi di ignya @tissayn
2020-06-08 04:37:32,1269851027169107970,@msnadyaannisa jangan lupa vote kak @Rahmakumala4
2020-06-08 04:30:58,1269849376534347782,@slvmbering cpek
2020-06-07 00:33:12,1269427153621233664,@apasehhh suka storimu hehe
2020-06-07 00:31:19,1269426679203561472,@DamastraPutra @karangkunci @lusiaestihito sekalian ikuti headermu ngga put?
2020-06-06 13:09:23,1269255063496581120,@lusiaestihito @Taajkhansa wkwkwkw yaampun baru ngeh ğŸ˜‚ğŸ˜‚ğŸ˜‚ (((jadi ingin danis))) cc: @yaahboobay
2020-06-06 12:37:02,1269246922163761153,"@lusiaestihito @karangkunci wkwkwkw dasar kalian, dah tau kan yek sekarang"
2020-06-06 12:36:03,1269246675211542528,@GaluhPurbosari indeed :â€)
2020-06-06 12:14:29,1269241249870999552,@Taajkhansa wkwkwkw :(((
2020-06-06 11:56:39,1269236758178181120,@ffarhanmhmd_ @alfanazizi mushroom fam adalah tempat kembali
2020-06-06 11:55:14,1269236402379620353,"suka bionya hito ğŸ’¯ğŸ’¯ğŸ’¯
heheu"
2020-06-06 11:50:41,1269235259331108864,@apasehhh ow ow âœˆï¸
2020-06-04 02:01:27,1268362195487711232,RT @widafinea: kapan aku iso seayu dian sastro
2020-06-04 01:29:46,1268354224896737280,"RT @ColIegeStudent: Tbh, if u still are best friends with ur crew from high school thatâ€™s amazing and be proud of that. Most hs friendshipsâ€¦"
2020-06-04 00:52:05,1268344741654982656,@tissayn wkwkwkw niscaya langsung terlihat
2020-06-03 16:05:54,1268212320297029633,@lusiaestihito bhakti vidya ksatria tama!
2020-06-03 02:11:59,1268002460074795008,RT @firsatulipa: Selama quarantine ini keknya IQ w skrg tinggal separo dah
2020-06-02 08:12:06,1267730697877245953,@slvmbering sudah semakin valid dia sebagai anak didikmu
2020-06-02 08:11:32,1267730557372256263,"sepertinya akan sering meneror arkong potato dalam waktu dekat dekat ini, bertanya hal hal budu dan berbagi kegelisâ€¦ https://t.co/5vKlQv3alN"
2020-06-02 08:09:04,1267729935960924162,@slvmbering welcome to the club kei!
2020-06-02 02:03:12,1267637860363980802,@firsatulipa pagi pagi sudah menerima kenyataan
2020-06-01 15:41:50,1267481491405070336,@ffarhanmhmd_ sabar ya farhan
2020-05-31 12:16:38,1267067463201505280,@g_satya_m prefer meave sih kalo itu :(
2020-05-31 11:47:05,1267060025106796545,@g_satya_m gakjuga
2020-05-31 01:30:36,1266904881840844801,"RT @neiltyson: Congratulations @SpaceX on a successful launch.

Godspeed @Astro_Doug and @AstroBehnken in their Crew Dragon Capsule https:/â€¦"
2020-05-31 00:27:43,1266889057985892352,@zaimalc @slvmbering @ffarhanmhmd_ kan abis berguru ma kamu arkong
2020-05-30 08:47:58,1266652559206301696,@slvmbering menggali harta karun di sore hari
2020-05-30 08:37:06,1266649827288309761,"ow ow gapaham lagi, ikut sedih tapi seneng juga mengetahui fakta @slvmbering yang terlambat, thanks to batstore"
2020-05-29 14:07:09,1266370497928769551,"@slvmbering sapa tuh, pasti love-hate relationshipmu ya https://t.co/6CpXKVVfPj"
2020-05-29 14:04:05,1266369726696943620,"@chandrikayu wkwkkww jangan, masmu panutan yu dalam bully membully"
2020-05-29 08:14:14,1266281685018005506,"RT @dwihandaanda: HAHAHAHA BAGUS NIH LAGUNYA, pas untuk seusia Freya saat mosing... thankyuğŸ™ğŸ»"
2020-05-29 00:37:42,1266166792667332608,@chandrikayu wkwkwkkww bibit bahan bully sejak lahir yu
2020-05-27 09:36:51,1265577697725603840,@slvmbering oops dapanih
2020-05-23 12:04:44,1264165362985103362,@helosals lucu poool heheu
2020-05-23 11:42:47,1264159840626077696,@Rvaaaaaaa @helosals emang lovely bgt iqbowl :â€) https://t.co/hPgyehxGB2
2020-05-21 20:08:15,1263562269603950593,"yang kau takutkan takkan terjadi ğŸ¶
lalu terjadi di mimpi, berulang kali :((("
2020-05-21 16:58:11,1263514438650474497,@Faireyhan mbuh bwang
2020-05-21 09:18:32,1263398760991739904,@novyaditya makan samyang aja kakak
2020-05-21 03:51:20,1263316419497746432,RT @depresionistaa: https://t.co/cdWitTZQx1
2020-05-20 06:53:12,1262999800468865025,"RT @earthygissel: his father left when he was 12, now he has a YT channel called â€œDad, how do I?â€ to help kids whoâ€™re growing up without daâ€¦"
2020-05-20 04:44:35,1262967434727682048,RT @zahwaisl: Selalu bersyukur punya teman terdekat yang bisa paham dan dukung ketika aku ngerasa ndak baik-baik aja. Semoga Allah selalu mâ€¦
2020-05-19 11:44:55,1262710825938108418,@DandD2020 ditunggu open PO merchandise D&amp;D nya kak
2020-05-18 08:15:59,1262295857329655808,RT @silumanTai: Mantep nih.. https://t.co/qMYS4QHUCx
2020-05-17 22:51:57,1262153914260094976,@tissayn omg sama tiss :((((
2020-05-17 16:29:28,1262057658112249858,@apasehhh akankah si curry mengalami siklus minceu akan terus memakannya sampai tidak ingin memakannya lagi
2020-05-16 15:49:40,1261685255863513088,RT @nadiaviolaa: a little reminder: https://t.co/CwWv8BV2Gt
2020-05-16 06:12:30,1261540008529473538,@gajahra kok aku kayak bau air cucian ya
2020-05-15 19:30:00,1261378314733858822,RT @BudeSumiyati: Seberapa embuh kamu bulan ini
2020-05-15 16:09:16,1261327800591683584,@callmecannn what if ....
2020-05-15 12:11:57,1261268077393649664,"teruntuk sobat sobat yang sudah melewati semester online ini:
congratulation fellas!!!
jangan lupa bersyukur ğŸŒ» https://t.co/Cub0NjYmlc"
2020-05-15 09:55:40,1261233782427922433,"RT @AULION: PARSEL LEBARAN YANG GAK BIASA (dan murah, memorable &amp; useful!) -  [thread] https://t.co/qiNxq6oWEF"
2020-05-15 03:29:32,1261136604812529665,@lintang_maulida tim rumah utara can relate :â€)
2020-05-15 00:08:27,1261086002556416018,"RT @ryan_nus: Gw doain yang bayarin pecel gratis disini sehat terus &amp; rejekinya gak putus-putus.

Buat ojol dan siapapun yang butuh, warungâ€¦"
2020-05-13 07:35:43,1260473786153021441,"RT @zhafranhaidar_: Sering terjadi diantara sobat turtles ABMS:
*liat model lain, ngerasa yakin kodenya bisa diterapin di model sendiri*
*sâ€¦"
2020-05-12 19:37:11,1260292959343456258,"@Fernandalutfm punyakupun, apakah turtle kita berteman?"
2020-05-12 19:24:30,1260289769969418241,@loosheaaa kukira mau ngepantun
2020-05-12 19:19:32,1260288516807888901,@loosheaaa makan lusia
2020-05-11 18:51:56,1259919182889660416,@slvmbering pls be logic-er
2020-05-11 17:16:45,1259895231258013697,"@chandrikayu tiap aku ke sekolah ketemu bucak, kamu sering ditanyain :("
2020-05-11 07:22:11,1259745605343227909,@Taajkhansa lovely sekali ğŸ¤—
2020-05-10 12:47:02,1259464964885995526,RT @ustadchen: Sumpah Fadlan Holao sekocak itu.
2020-05-10 07:17:04,1259381928202956802,@lusiaestihito @apasehhh semangat hito yang mau ambil dss semeter depan
2020-05-10 07:13:22,1259380995549130752,"@ffarhanmhmd_ @alnitakkk @slvmbering @elang_pupin @_____rifki duh kok di up sih han, sakit perut bacane :("
2020-05-10 05:19:30,1259352342329061376,@apasehhh memanggil sobat sobat turtles ku :â€)
2020-05-10 05:09:49,1259349903341268994,"@alnitakkk @ffarhanmhmd_ @slvmbering @elang_pupin @_____rifki ujx abis ngereply twit orang isinya pesan buatmu nit, liat deh"
2020-05-10 05:08:00,1259349449001758722,@slvmbering @ffarhanmhmd_ @alnitakkk @elang_pupin @_____rifki farhan bijak mode on
2020-05-10 03:42:01,1259327807869587457,"RT @mindblowoncom: Human

#mindblowoncomics https://t.co/gVv5h4AFdZ"
2020-05-10 03:39:33,1259327188194770944,@iqbalfk @gumpalanlemak @DidaTaufiek tontonannya @apasehhh
2020-05-09 23:24:16,1259262942228471809,@apasehhh ehiya hehehew
2020-05-09 23:22:34,1259262517366476806,"@elang_pupin @slvmbering @_____rifki @ffarhanmhmd_ dua tiga aniti ujeng
apaansi jeng"
2020-05-09 23:22:14,1259262431022518272,"@slvmbering @_____rifki @ffarhanmhmd_ @elang_pupin mang cocox bgt kak klean, hatoriXujx
thanks to https://t.co/OJNqmKoBoi"
2020-05-09 20:14:01,1259215065439506433,@anonimsajaya @fortunkukis https://t.co/T9LvyPw6CI
2020-05-08 21:22:05,1258869808554217478,@apasehhh kangen dapet karya.yasmine hihihi
2020-05-08 21:19:17,1258869102531301377,@alfanazizi @ffarhanmhmd_ @slvmbering @zaimalc @Mkholiid @slvmbering pengen bgt temenan mas
2020-05-08 21:18:43,1258868960231112705,@Mkholiid @alfanazizi @ffarhanmhmd_ @slvmbering @zaimalc wkwkkww btul bgt mas kolid
2020-05-08 21:17:10,1258868571226152962,@gumpalanlemak @ramdani_pratama @kkndesember WKKWWKKWW KOCAK BGT
2020-05-07 21:28:19,1258508986883559424,"RT @radenrauf: Nih gaes hasil foto bulan purnama semalem, foto kedua itu pake multiple exposure, bulannya gua taroh di atas pohon bambu.
Foâ€¦"
2020-05-07 08:44:16,1258316709280337920,@madina_arifah Waaaaa congrats mbak adin pemanduku ğŸ‘ğŸ»ğŸ‘ğŸ»ğŸ‘ğŸ»
2020-05-06 04:45:49,1257894314623078400,@ffarhanmhmd_ @slvmbering @zaimalc @Mkholiid mana mungkin menjelajahi kota jogja pake skupi hitam @slvmbering jam 1â€¦ https://t.co/b7NVgnRVND
2020-05-06 03:40:36,1257877902672232449,"@zaimalc untung ga mimpi nyikat pompom sampe polandia
cc: @slvmbering the boss"
2020-05-06 03:30:04,1257875251771432960,@fortunkukis selamat ulang tahun sobat waterkulur yang jago menyusun diksi diksi indah ğŸ’• https://t.co/iiyIQBYTZk
2020-05-05 10:10:30,1257613636085772288,@helosals wkwkwkw aku juga berpikiran yang sama
2020-05-04 18:21:42,1257374861133074433,"tiap mencoba buka dss selalu end up doing nothing karena gatau harus apa, lalu memutuskan untuk buka abms yang menyâ€¦ https://t.co/ktgSGF3dI7"
2020-05-04 18:20:56,1257374669352681480,@lusiaestihito @apasehhh yasminceu masih semangat kok lusia
2020-05-04 18:16:49,1257373634089418752,@helosals can relate :â€)
2020-05-04 18:16:28,1257373544608120832,@apasehhh pgn drop :((
2020-05-04 16:15:54,1257343200748068864,"cause we're living in a world of fools
breaking us down, when they all should let us be
syalalala"
2020-05-04 14:37:41,1257318487367618566,"@slvmbering iya, kalo cowo jangan dinamain nabila ya"
2020-05-04 13:46:49,1257305682916732931,@tissayn wkwkwkw lagune @slvmbering anggang anggang
2020-05-04 13:32:46,1257302149232377857,"@lusiaestihito @Fernandalutfm aku udah kerjain sih tapi blm lengkap keknya, underqualified"
2020-05-04 13:20:35,1257299081086423042,@iqbalfk TA-DAAA!!! https://t.co/vidYGEelPW
2020-05-04 13:18:28,1257298549294972928,"@lusiaestihito @Fernandalutfm btw punyaku juga di tanda tanya, apakah semua di tanda tanya???"
2020-05-04 10:09:45,1257251060135137282,@msnadyaannisa @slvmbering Ditunggu makrabnya kaknud
2020-05-04 10:01:05,1257248878279249922,"@slvmbering Alias sama karakter fiktif kak, demi kesehatan mental ğŸ¤ŸğŸ»"
2020-05-04 05:48:31,1257185314487119875,@apasehhh wkwkwkwkw :))))
2020-05-04 04:22:15,1257163605742686209,@widafinea playlistnya @slvmbering
2020-05-02 22:43:49,1256716048965029888,RT @FabFath: My 3 yo daughter on preschool zoom is a mood. https://t.co/gzDPxPy8nu
2020-05-02 12:14:01,1256557553686917121,@slvmbering wkwkwkkww akung lho kung :((
2020-05-02 11:11:36,1256541848727945216,@itsmenindyyy lekas sehat niiiin
2020-05-02 08:59:41,1256508650937614336,@HanantasenaWP @selimutanmetmet best reply so far ğŸ’¯
2020-05-01 09:24:59,1256152627269849089,RT @farisaidel: low blood pressure can relate thisğŸ˜ŒğŸ˜” https://t.co/g9fmEP88yp
2020-04-30 17:51:56,1255917819830517760,"@msnadyaannisa @slvmbering emang gitu nud arkong mah, bingung kan"
2020-04-30 17:50:58,1255917574975442945,@ADominae77 @novyaditya edisi emo https://t.co/LbijYpaPlc
2020-04-30 17:50:11,1255917379835453440,"@MNurhalimi yap, manusiawi juga sih mas"
2020-04-30 17:43:43,1255915751090749441,iqbowl fikri ramadhan disaat waktu AKI bagian compiler :)) https://t.co/LqPGtjInmP
2020-04-29 19:11:41,1255575501508243456,@mf_arkan weee halo sobat pencitraanQ wkwkwkw
2020-04-29 14:44:34,1255508277661765632,:â€) https://t.co/TJtos8AJj4
2020-04-29 13:18:28,1255486609232986115,RT @TokyoSage: Studio Ghibli designed this dvd case so it looks like the characters are checking their reflection in the water and it's jusâ€¦
2020-04-29 07:29:04,1255398682381430787,@iqbalfk mobal wisan bol https://t.co/lhRiFIGKgC
2020-04-28 20:15:28,1255229163897847810,@apasehhh hehehehe ğŸ’¯
2020-04-28 18:34:25,1255203734277124096,oke gak? @apasehhh https://t.co/0MKDF7Fp0r
2020-04-28 11:09:00,1255091642220109824,iâ€™m in https://t.co/yWRnEckHuk
2020-04-28 07:54:01,1255042573309292546,@Ummahflda wish us luck :â€)
2020-04-27 14:19:11,1254777116786257926,@gumpalanlemak tjakeeeep
2020-04-26 19:20:27,1254490544035655680,RT @dwihandaanda: Ngakak ampe sesek bgt liat mpok Freya beginiğŸ˜­ğŸ˜­ğŸ˜­ https://t.co/oQCQLIN7tO
2020-04-26 12:04:37,1254380861199388673,@apasehhh berakhir dengan heboh di grup line
2020-04-26 12:02:53,1254380424756957184,@DidaTaufiek @kkndesember pemandangan = alam
2020-04-26 12:02:02,1254380212227366912,@apasehhh hehehehe gotcha
2020-04-26 11:07:32,1254366496475828226,teruntuk sobat sobat dss ku yang berusaha menjinakkan ular piton :( https://t.co/Yc8vOb0hNr
2020-04-25 12:03:04,1254018084647636998,@elang_pupin @ffarhanmhmd_ default farhan kelapa
2020-04-24 04:13:16,1253537468781146114,RT @JeromePolin: Mending telat daripada gak sama sekali
2020-04-23 00:24:12,1253117434686394370,"RT @pporicrazy: Yang di #Jogja, penyuka #MieAyam, apalagi alumni #Padmanaba, Mie Ayam Kasno jualan dari rumah.

Lokasi daerah Blunyah Ledokâ€¦"
2020-04-22 03:08:39,1252796429002657794,@lintang_maulida hehehe anda tidak sendirian tang :â€)
2020-04-21 21:23:24,1252709546851590144,"RT @KuntoAjiW: Ditarik-tarik, dicabik sampai otot ikhlasmu kuat. Kalo mulai kendor ditarik lagi."
2020-04-21 10:48:49,1252549849083346944,@apasehhh https://t.co/Xa2EYahW5g
2020-04-21 04:47:47,1252458989343797248,"RT @zhafranhaidar_: That ""Your fckn DSS"" di dalem ppt kuliah,cen well og wkwkwk,nek jaremu ""kuliahku rasah kaku2 to cuk"" yo piye yoo stereoâ€¦"
2020-04-21 02:04:02,1252417781913407491,thanks to yasmine atas saran balancing antara mengerjakan tugas dan refreshing. jadi tiap selesai satu tugas janganâ€¦ https://t.co/CSiAEcZglU
2020-04-20 23:30:31,1252379147503951880,@gajahra gajah: bangun bangun kaget ternyata masih malem
2020-04-20 23:10:50,1252374193724784640,"cuma tidur berapa jam aja mimpinya sedih, wkwkwkw menyedihkan"
2020-04-20 23:10:00,1252373985758593025,@ffarhanmhmd_ @elang_pupin muhammad farhan kelapa lebih cocok yang ini ğŸ¥¥
2020-04-20 10:23:13,1252181018099847168,@elang_pupin khmbbbb skip
2020-04-20 09:26:09,1252166655360131074,@elang_pupin https://t.co/BFihGrHlzK
2020-04-20 07:45:22,1252141294308061184,"@slvmbering waw bangga, after all this time"
2020-04-19 21:59:48,1251993930515677184,@slvmbering selamat pagi cikgu
2020-04-19 21:58:15,1251993539518402561,@AfifHaqqi wehehe mangat fif
2020-04-19 19:26:34,1251955367782649856,"gapapa dicoba aja dulu, pelan pelan"
2020-04-19 19:23:21,1251954558625972225,@Taajkhansa sleep tight naaj ğŸ¤—
2020-04-19 19:22:56,1251954452711391232,@gajahra kebiasaan sih
2020-04-19 11:15:33,1251831799224782849,RT @30SECVlDEOS: Her reaction ğŸ˜‚ https://t.co/0oI70tlFLP
2020-04-19 11:14:35,1251831555779031040,RT @Aeyga_: I can never fight this feeling. https://t.co/nGcvCSD7MJ
2020-04-19 10:18:37,1251817473361375232,"RT @ko2w: â€œSkipper?â€
â€œYes, Kowalski?â€
â€œWhere is everyone?â€
â€œI donâ€™t know. Stay close, Boys.â€"
2020-04-19 10:15:47,1251816759734067201,@itsraynotreyy kadang suka keseleo kak jarinya punten
2020-04-18 16:47:00,1251552825265414144,@slvmbering bagus yang video anggang anggang kak
2020-04-18 16:18:40,1251545691442176000,"@alnitakkk @slvmbering due tinge arkong potato
jangan lupa tonton anggang anggang bernyanyi to"
2020-04-18 16:15:35,1251544919170138114,RT @kartinifastuti: Bisa gak ini kepala dilepas dulu biar gak kebanyakan mikir?
2020-04-18 16:13:10,1251544309972602883,"@slvmbering due tige arkong potato
oalah nita hatori jago pantun to"
2020-04-18 16:11:43,1251543942555815937,@slvmbering konsisten kak namanya
2020-04-18 16:08:50,1251543216769232902,@slvmbering coba analisis jarjit kenapa dia bisa jago pantun
2020-04-18 16:08:13,1251543063173816324,"@slvmbering due tige arkong potato
sugeng ndalu arkong potato"
2020-04-18 06:16:46,1251394220574642176,@g_satya_m ğŸŒ»
2020-04-17 13:00:16,1251133376221700098,"@slvmbering due tige arkong potato
iya tooooo"
2020-04-17 12:58:00,1251132804601049088,"@gajahra @dhenabila_ jaman kapan kui, jelei bgt gajah"
2020-04-17 12:09:20,1251120559154331651,@slvmbering kimi no nawa
2020-04-16 20:02:08,1250877153442291712,and youâ€™ll find the way back home
2020-04-16 10:23:06,1250731438057480195,@widafinea @elang_pupin @ffarhanmhmd_ harus sabar dhil
2020-04-16 10:21:30,1250731034712272896,"@lintang_maulida @Taajkhansa @_____rifki @DamastraPutra @loosheaaa @destipinasti @fortunefuture19 @slvmbering 
semaâ€¦ https://t.co/lOdg4rmHQX"
2020-04-16 01:04:06,1250590758849015808,ayo ayo smangat nab
2020-04-15 13:46:18,1250420184726122504,"RT @lelakimempes0na: gini amat kelakuan

selamat,kalian verified goblok @iqbalfk @Asnowoww @Rvaaaaaaa @MasPribacot @yaahboobay @bungakeringâ€¦"
2020-04-15 13:06:20,1250410125229088768,@loosheaaa hidupku tiap hari :(
2020-04-15 07:56:59,1250332277709524994,@luffiaho @opheliakenes @maharaniasl_ @novemiarizcas @ayamchitkin @chryeastb ran jangan mulai deh heu ğŸ˜­
2020-04-14 23:46:53,1250208939175624705,RT @novyaditya: I see you in my dream..
2020-04-14 18:54:05,1250135254192607232,RT @JeromePolin: Memasuki waktu Indonesia bagian overthinking
2020-04-14 04:33:21,1249918643023953920,@slvmbering oalaaah wkwkwkkw
2020-04-14 00:48:49,1249862138694262784,@Fernandalutfm @subtanyarl @fortunkukis wkwkwkwkkw wadaw
2020-04-13 23:44:17,1249845896633696256,"cheers, weirdo! the sun has already risen ğŸŒ„"
2020-04-13 15:56:26,1249728159857008642,RT @nayanggitanh: Memasuki waktu indonesia bagian overthinking dan halhal random lainnya
2020-04-13 15:08:28,1249716085957378048,@slvmbering haduuu pusyang
2020-04-13 12:42:47,1249679426956038150,@slvmbering bingung kak gapaham
2020-04-13 09:33:33,1249631801468829697,RT @zhafranhaidar_: Life sucks.
2020-04-13 08:24:08,1249614334948331522,@lusiaestihito @kkndesember WKWKWKWKWKW untung getjo gak ditanya :(
2020-04-13 08:23:10,1249614090353299456,@apasehhh punten :)
2020-04-12 15:06:36,1249353230204538880,@apasehhh memang melati lebih populer daripada yasmine
2020-04-12 14:01:49,1249336925825011712,@maybachti cc @slvmbering yang sudah khatam love and hate relationship with hilmi
2020-04-12 13:33:59,1249329920125186051,@lusiaestihito wkwkwkkww top comment so far :))))))
2020-04-12 13:29:46,1249328859817754624,"hito ni emang hobi menyulut ya, tapi komennya menghibur sih wkwkkwkw"
2020-04-12 06:55:57,1249229755141869568,@gajahra @slvmbering udah mendunia stikere jah
2020-04-12 06:05:28,1249217048728596480,@slvmbering wkwkwkwkw stiker favorit :)
2020-04-12 03:46:54,1249182176794509312,@slvmbering ingat pesan sponsor dari bapak ibuk kong :) https://t.co/kuoCJoUP2j
2020-04-12 03:25:01,1249176669342117889,@slvmbering ide bagus :)
2020-04-11 22:10:49,1249097600906625024,@apasehhh ngukuks
2020-04-11 22:07:54,1249096865368297473,@slvmbering benar juga :(((
2020-04-11 15:09:38,1248991606830592001,@elang_pupin waktu dan tempat dipersilakan @ffarhanmhmd_
2020-04-11 11:25:41,1248935246407462913,@loosheaaa aku mau jadi indora aja
2020-04-10 09:55:08,1248550072440074240,"@Fernandalutfm not bad bgt lah itu, almost perfect cuy"
2020-04-09 12:59:13,1248234008489558019,@apasehhh meet her first love https://t.co/iCCiDoCk96
2020-04-09 08:21:09,1248164030335684609,@Fernandalutfm @zhafranhaidar_ https://t.co/J3KsBmVuTJ
2020-04-09 07:18:31,1248148270108430339,"penutup uts yang heheheu, semangat turtles!! tugas besar menanti ğŸ˜Š"
2020-04-09 02:26:37,1248074808417382403,"@apasehhh @helosals wkwkwkkww emang gampang tersulut ya heheu, gapapa biar ngga panik"
2020-04-09 02:25:27,1248074518532222978,@helosals :))))))) wkwkwkwkw
2020-04-09 02:10:19,1248070707134615553,RT @ryan_nus: ğŸ’” 2020 ğŸ’” https://t.co/qbajohFWog
2020-04-08 12:57:03,1247871074047389696,@Billboard_INA @GlennFredly :((((
2020-04-08 07:31:11,1247789066990448640,@loosheaaa jeng jeng jeng
2020-04-06 12:12:41,1247135135322869762,@apasehhh unicooooorn ğŸ¦„ğŸ¦„ğŸ¦„
2020-04-06 08:15:37,1247075473995120641,@Lintangaysh WKWKWKKWKW :((((
2020-04-06 07:39:01,1247066265916559361,katakan unicoooorn @apasehhh https://t.co/mjb4En9zLo
2020-04-06 06:00:54,1247041571129675776,RT @pangeransiahaan: Heroes https://t.co/T9aoGuqJ7W
2020-04-04 12:30:28,1246414834440089600,@lusiaestihito samaaaa :))) lalu baca lagi baru sadar oh akademik :)
2020-04-03 15:57:16,1246104489800560640,@lusiaestihito @apasehhh hehehehe exactly
2020-04-03 15:54:18,1246103742035836934,@apasehhh bye world :))))
2020-04-03 12:11:00,1246047549598781446,@iqbalfk sofi tidak pernah tidak lucu :))))
2020-04-03 09:28:58,1246006769773510657,@iqbalfk same energy
2020-04-03 09:09:06,1246001770481848320,@_____rifki lucu parah yek
2020-04-03 08:52:57,1245997705278525441,akan menjadi reviewer makanan handal seperti yasmine https://t.co/NP38xGRYMy
2020-04-03 08:33:52,1245992903895179265,@Rachmat_Pyoga @alteroke_jon dipersilakan kak
2020-04-03 08:28:37,1245991585235566593,@alteroke_jon untung kalo bikin podcast jago :((
2020-04-02 10:10:14,1245654768627806208,"@lusiaestihito sama aja nga sih kalian tuh wkwkkw, kamu versi ceweknya"
2020-04-02 09:20:51,1245642341068636161,@lusiaestihito hito as legendary macan tuwo  ğŸ”¥ğŸ”¥ğŸ”¥
2020-04-02 08:00:27,1245622108882780160,"@msnadyaannisa @slvmbering @txtdarijogja mau ikut mbeleh semut kaknud, nanti kuberi oreo onlen, masih separo"
2020-04-01 11:38:45,1245314655200800770,@apasehhh @gumpalanlemak @peachyslen referensi camilan sederhana buat besok
2020-04-01 11:18:40,1245309602498936833,RT @peachyslen: 2 weeks in quarantine people are starting to lose it https://t.co/RlSJDvoSYw
2020-04-01 10:20:12,1245294886753939460,@apasehhh cc: @iqbalfk
2020-04-01 10:04:25,1245290916111192064,"@gajahra kan penyusup kelas online, â€˜zahra zahraâ€™ â€˜zahra zahraâ€™"
2020-04-01 08:52:00,1245272693789749250,@gajahra hobi gajah ngeprank bu iik
2020-04-01 06:41:43,1245239904587509760,"RT @vvellplayedd: Tolong di perbanyak konten positif seperti ini selama masih masa pandemi, biar semua orang bisa ketularan energi positifâ€¦"
2020-04-01 02:53:33,1245182487208185857,@kkndesember bingung bacanya
2020-04-01 00:21:10,1245144135780012032,@Fernandalutfm waw udah mulai abm nih
2020-03-31 10:56:28,1244941629120581637,@slvmbering https://t.co/vrDs1RaMFb
2020-03-31 10:54:51,1244941220549292033,@slvmbering aku juga :(((
2020-03-31 08:42:21,1244907874729357312,RT @uradn: YUP. https://t.co/T5hz3eQU7d
2020-03-31 08:24:30,1244903382285873152,RT @iamnickangelo: 9-year old me logging in to Facebook to play Pet Society
2020-03-31 06:27:16,1244873879551528961,"RT @DamasariT: Bismillah... 

Buat yang cari kerudung bisa banget cek ke sini, motifnya lucu"" niihâœ¨

https://t.co/6VeAeaVQZ2

Dibeli kuuuuyâ€¦"
2020-03-30 02:06:20,1244445827818348550,@iqbalfk sedih banget bol :((((
2020-03-30 01:14:27,1244432770685755394,@selimutanmetmet huhuhu :(((
2020-03-28 12:47:16,1243882348220829698,"@msnadyaannisa wkwkwkwkw tinggal separo, kirim mana ni?"
2020-03-28 12:25:20,1243876827988250625,@msnadyaannisa ehehehehe
2020-03-28 12:06:59,1243872208784470017,@Rvaaaaaaa @zhafranhaidar_ @iqbalfk waktu 2017 bagian sambat dipersilakan :)
2020-03-28 12:00:34,1243870594367553536,"sekarang semua serba onlen, asiiiiik dapat kiriman susu dan catatan dari @apasehhh https://t.co/8gwhqzeJ14"
2020-03-25 11:42:33,1242778895381712898,@slvmbering wkwkwkw justru itu
2020-03-25 11:33:29,1242776616939311104,@slvmbering selamat berdamai dengan stereotype :(((((
2020-03-25 07:49:35,1242720268092493826,@iqbalfk tetap tenang booowl
2020-03-25 01:01:33,1242617585419423744,@Fernandalutfm @lusiaestihito @apasehhh ada faktor bernama lucky gaes :))
2020-03-24 14:25:08,1242457426021900288,@lusiaestihito @apasehhh wkwkwkwkkw
2020-03-24 13:57:11,1242450390643138560,@apasehhh memang perpaduan antara kecewa dan ketawa :)
2020-03-24 13:56:07,1242450123197542400,@apasehhh untung nggak 1 nilainya https://t.co/sq5y2IgHcb
2020-03-24 13:41:24,1242446419039899648,"heran sama yasmine, kalo gak aneh ya bukan yasmine heu"
2020-03-24 04:39:40,1242310085348429825,@apasehhh punya ku blm ku kerjain ceu kalo kamu kurang heheu
2020-03-23 15:45:51,1242115351497728001,@iqbalfk benar sekali :((((
2020-03-23 15:27:07,1242110633715228680,"RT @daniamluc: For those of you who donâ€™t know, Cubaâ€™s largest export isnâ€™t tabacco or sugar, itâ€™s doctors. Life expectancy in Cuba is greaâ€¦"
2020-03-23 10:30:36,1242036016422125571,@apasehhh https://t.co/k3xY8T8Vnf
2020-03-22 16:11:53,1241759513964732419,"learning to love yourself, it is the greatest love of all  ğŸ¶ https://t.co/piyFBDUrlG"
2020-03-22 15:58:42,1241756195599208448,"@Rvaaaaaaa dicoba dulu, semangat!! kalo kata yasminceu: you can!"
2020-03-22 03:55:53,1241574295286853632,@nrlafifaah @slvmbering @_____rifki @rarawp @maybachti ulululuuuu
2020-03-21 17:01:46,1241409679999111168,@iqbalfk @DidaTaufiek @Asnowoww @Rvaaaaaaa @MasPribacot @lelakimempes0na @yaahboobay @bungakeringg @apasehhh nggak berhenti tertawa :(((
2020-03-21 16:56:56,1241408462946328576,@apasehhh idola cilik idola semua idola
2020-03-21 11:31:14,1241326497874362368,@slvmbering https://t.co/bALy3aSr2u
2020-03-21 11:24:49,1241324882522062848,@adellynaat u too adel!! ğŸ’•
2020-03-21 10:56:04,1241317649545482241,"everything is awesome, tetap semangat!! hehe https://t.co/BEdhCjfyRB"
2020-03-21 10:50:21,1241316209947062272,"RT @bagas_Ars14: Campur aduk sekali hari ini, mari rehat lagi"
2020-03-20 13:20:42,1240991658243534853,@opheliakenes ğŸ 
2020-03-20 13:04:04,1240987470965039104,@alteroke_jon ğŸŒ»
2020-03-20 13:03:28,1240987319680659457,@Ummahflda ğŸ’™
2020-03-14 09:01:28,1238752094804267011,@anonimsajaya iya:(((
2020-03-14 08:33:24,1238745031755718656,"RT @Jogja24Jam: RT Informasi penting ini. 

via @humas_jogja https://t.co/zAXbxewi8b"
2020-03-14 08:26:49,1238743371763478530,@ochtaaaaaaa @gumpalanlemak ayo kalian ciptakan game baru
2020-03-14 08:01:24,1238736975986753536,RT @hadyan_amri: ini kkn gamau dibikin online jg apa?
2020-03-14 04:43:32,1238687183461961728,RT @Faireyhan: be safe everyone https://t.co/yQwi0WGv7F
2020-03-13 01:44:43,1238279795093340160,@slvmbering cheers fella ğŸ˜­
2020-03-13 01:31:23,1238276439096455169,@itsmenindyyy indeed :â€œ)
2020-03-11 14:05:47,1237741513997602816,ow ow here we go again :(( https://t.co/nYqhEEDw4N
2020-03-10 16:35:39,1237416841045106688,@loosheaaa @azzasabilaa tetap semangat temantemanku yang luar biasaâ¤ï¸ semoga yang terbaik selalu!
2020-03-10 13:15:39,1237366506758922240,@apasehhh apakah aku cocok bergabung dengan baz dan nad?
2020-03-10 12:52:21,1237360645319692289,@bagas_Ars14 sagab dong
2020-03-10 10:07:37,1237319187602616321,@slvmbering udah siap baca nih
2020-03-10 09:54:56,1237315995775070208,selalu deg degan tiap di wa dosen :((
2020-03-10 04:17:03,1237230963756654592,so kyot seperti ua @apasehhh https://t.co/iTJH7X4q0x
2020-03-09 23:04:55,1237152416669155328,"kemaren melihat orang bermain snap, jadi inget duo pemain terbaik @ochtaaaaaaa dan @gumpalanlemak yang udah 4.0"
2020-03-09 01:27:39,1236825945643700225,@chandrikayu @collegemenfess wkwkwkw jaman materi78 adalah segalanya
2020-03-07 08:59:30,1236214882728472576,RT @428mkh: University checkâœ… https://t.co/V1mj8itzp6
2020-03-06 12:08:55,1235900164415471617,@apasehhh mood yasminemine
2020-03-02 05:59:23,1234357614873473024,@g_satya_m gila gila menuju Q0
2020-03-02 04:31:14,1234335432147492864,@otwbanter wkwkwkwkkw mirip tenan bol @iqbalfk
2020-02-28 23:38:19,1233536941510938624,@chandrikayu ow ow :))))
2020-02-28 23:36:50,1233536569320951808,@slvmbering we are :(
2020-02-28 20:02:24,1233482604134924293,yang sebaiknya kau jaga adalah dirimu sendiri
2020-02-28 14:31:41,1233399375985926144,@ochtaaaaaaa @Ummahflda @Rachmat_Pyoga mana kak twit nya kak
2020-02-28 12:18:04,1233365752628908033,@yusufhabibi2701 mau aku sampein ke mbaknya?
2020-02-28 12:16:59,1233365478849925120,@yusufhabibi2701 ups
2020-02-27 05:32:17,1232901244957552640,"@Ummahflda pesannya tersampaikan dengan indah um, semangat umma!! ğŸ’™"
2020-02-27 00:31:05,1232825444912648192,@yusufhabibi2701 ribet mana bang sama skripsian bang
2020-02-26 10:09:29,1232608615376334851,@apasehhh mungil dan lincah
2020-02-24 22:00:03,1232062660880916480,"@opheliakenes semangat ophe, paulus, dan bangjov!!!"
2020-02-24 16:46:16,1231983692945346565,"@apasehhh yeeeeey akhirnya, selamat ceu, tidak perlu bingung lagi ğŸ¤—ğŸ¤—ğŸ¤—"
2020-02-24 09:06:36,1231868016368943104,@farhankelapa @slvmbering
2020-02-23 11:46:01,1231545744798076928,@gumpalanlemak @apasehhh tim GM girl!!!
2020-02-22 14:36:22,1231226226012041220,@lusiaestihito @yaahboobay lovely sekali daniswara
2020-02-21 11:10:31,1230812036872847360,"hobi kok melakukan kebodohan berkali kali, gak capek apa nab :("
2020-02-20 21:05:15,1230599319813648384,RT @AbigailCantika: do you ever feel unwanted?
2020-02-20 08:14:53,1230405449880489984,@slvmbering ow ow :((
2020-02-20 08:11:34,1230404615289524225,RT @Kingkrishie: List of guys who wants to date me so far : https://t.co/o96blQ2qup
2020-02-20 06:32:06,1230379581309247490,@lelakimempes0na tampanmaksimal @apasehhh
2020-02-18 04:21:45,1229622002547224576,"@FakhriGhiffari_ wkwkwkwkw masih ada tahun depan ik, ditunggu"
2020-02-17 04:33:32,1229262582805975042,@apasehhh hmmmmm
2020-02-16 03:04:17,1228877732517298176,@slvmbering aq kangen my personal psychologist :(
2020-02-15 02:40:38,1228509394091954176,"RT @KuntoAjiW: â€œGaenakanâ€ menghambat hidupku berkali-kali. Tidak ada yg disesali, pada akhirnya itu lebih baik daripada dihantui rasa bersaâ€¦"
2020-02-10 07:57:24,1226777172041330689,"RT @lelakimempes0na: Nobody :

@apasehhh :
""Aku kayanya pengen beli baju alien deh"""
2020-02-05 18:06:15,1225118451661852672,@gajahra @Louis_Tomlinson lah aku emang kalo itu
2020-02-05 18:05:22,1225118232043905024,@gajahra @Louis_Tomlinson nape dah kamu jah aneh bet
2020-02-05 13:59:05,1225056253367353349,@maharaniasl_ alhamdulillah asik asik
2020-02-04 16:48:48,1224736574518128640,@mutiameliana @novyaditya Mein Motorrad war kaputt
2020-02-02 12:55:21,1223953049078550528,@_rifkiiii eh mas peyek
2020-02-02 04:43:00,1223829143600582656,@apasehhh @loosheaaa @DidaTaufiek setuju minceua
2020-02-02 04:41:57,1223828880756051968,@apasehhh ewkewkekwkkw
2020-02-02 00:27:01,1223764723398660098,different story but same ending https://t.co/edvEoHtZKp
2020-02-01 17:23:04,1223658033667919873,@iqbalfk ada kawannya bol
2020-01-31 17:20:23,1223294971396026369,RT @KuntoAjiW: Bekerja keras agar bisa bermalas-malasan.
2020-01-31 17:01:08,1223290127083958272,"back to basic, the game is over"
2020-01-30 13:35:45,1222876051170156544,@ADominae77 @slvmbering maafin arkong mbak lan :((
2020-01-30 13:34:43,1222875792067063808,"@irza_mf @slvmbering @_rifkiiii arkong cen bermasalah pak, punten"
2020-01-30 13:33:11,1222875406476333057,@slvmbering soalnya aku hate bukan love
2020-01-30 13:32:36,1222875258954244096,@chaost0mat @slvmbering bukvin!!!!
2020-01-30 12:04:07,1222852992090525696,"â€˜love is never enoughâ€™ jare @slvmbering , selamat berpikir! https://t.co/1fYjN1v3Tj"
2020-01-30 03:36:24,1222725220609351680,RT @msninx_: Allah understands your pains and tears. Talk to him.
2020-01-30 00:50:06,1222683371471376384,RT @uttazt_: Overthinking kills my happiness https://t.co/r6H4L9STZ9
2020-01-29 16:53:07,1222563332479045632,donâ€™t need to think it over
2020-01-29 06:38:56,1222408768337498112,@gajahra kamu kenapa e kok pulang duluan?
2020-01-29 05:54:07,1222397492295155712,@gajahra yang penting jangan yang coklat
2020-01-28 22:07:22,1222280027938516992,"didnâ€™t get any better, sorry"
2020-01-28 13:44:24,1222153454702841856,@gajahra kirain halu jadi 76 puteran
2020-01-28 12:00:19,1222127260972417025,"hhhh lucu banget semesta, parah, luv sekali ğŸ¤—"
2020-01-28 10:34:30,1222105665629380611,"RT @jiemiardian: Trauma bukan diingat oleh otak
Trauma â€œdihidupkan kembaliâ€ oleh otak.

Mengingat itu artinya menggali cerita dari masa lalâ€¦"
2020-01-26 16:58:51,1221477611357868032,RT @JeromePolin: Tidur woy masih nungguin apasi
2020-01-26 13:41:46,1221428013532712966,RT @dwihandaanda: Yang aku lakukan saat mama hendak menunjukkan tanda2 nyuruh ke warung.. https://t.co/sW1wtElHBO
2020-01-26 06:23:06,1221317620294541314,@Fernandalutfm abis ki langsung gas kp
2020-01-26 06:22:41,1221317514103123968,@loosheaaa wkwkwkwkkww
2020-01-26 06:07:12,1221313619930972160,"@Fernandalutfm mantap siap lulus 3,5 th"
2020-01-26 06:04:51,1221313027800096768,@loosheaaa apakah masi kasus preloved?
2020-01-25 09:47:23,1221006641060954115,@gajahra tinggal di hutan aja jah
2020-01-23 14:08:58,1220347698114510855,@apasehhh hobi banget emang
2020-01-22 03:22:43,1219822673326264320,@Ummahflda cakeeeeep
2020-01-21 15:24:04,1219641820293918720,@almirans wkwkkwkwkw why :(((
2020-01-21 15:15:00,1219639538412400642,@ayumnauz @slvmbering alhamdulillah udah sampe dengan selamat ternyata arkong gaes
2020-01-21 14:52:46,1219633941973434368,"hehe setelah sekian semester akhirnya ketemu lagi,
masih nungguin @slvmbering yang lagi otw, katanya baru sampe bulâ€¦ https://t.co/87xL3PYBAw"
2020-01-20 12:35:16,1219236953914134528,@almirans semangat kkn almeeer!!!!
2020-01-20 02:42:43,1219087833375264768,@iqbalfk tim sleman utara can relate
2020-01-19 12:26:08,1218872267217625088,@alnitakkk uuuuuuuuuuw https://t.co/yuXtCrzbU1
2020-01-19 11:05:56,1218852081521397762,seeing sign
2020-01-19 05:38:12,1218769608410157057,@slvmbering hehehehe :((
2020-01-18 06:16:12,1218416780558786560,@slvmbering :((((
2020-01-18 06:15:38,1218416640938979328,@g_satya_m @novemiarizcas nggak bakat jadi nyamuk nih
2020-01-18 02:41:29,1218362745050939393,@g_satya_m @novemiarizcas nah ini dateng
2020-01-17 23:48:22,1218319181277302785,@novemiarizcas siapa lagi kalo bukan partner nonton prambanan jazz tahun lalu hihihi
2020-01-17 07:53:48,1218078954084421634,"@apasehhh wes jago, ngajar wae ceu heheu"
2020-01-17 03:31:21,1218012907448852481,RT @midiahn: https://t.co/qNUfJzDeQP
2020-01-16 14:41:30,1217819169481052162,"kalo orang arab standup comedy, boleh diketawain nggak?"
2020-01-15 15:07:14,1217463257625026560,"@novemiarizcas samaan deh mbak mas ini, udah nontob bareng aja"
2020-01-15 14:05:33,1217447734967336961,@apasehhh wkwkwkkw tetap pia cap mangkok nomer satu
2020-01-15 12:52:41,1217429398086750210,@mdenishaf daripada sedih makan pempek aja mas
2020-01-15 12:51:48,1217429175939657728,@yusufhabibi2701 @dehoooool @DamastraPutra wkwkwkwkw mantap putra banter put banter
2020-01-15 09:40:41,1217381076844216322,@bagas_Ars14 wkwkwkkw nyanyi gab
2020-01-15 09:40:16,1217380974792560640,@dehoooool gas bang @yusufhabibi2701 ehehe
2020-01-15 08:05:06,1217357022300999680,@opheliakenes https://t.co/xNtO0qSh9s
2020-01-15 07:36:24,1217349802716827648,@opheliakenes iya bener pe huhu kadang cuma bisa ngingetin diri sendiri sebelum terlanjur :(
2020-01-15 07:29:24,1217348039792218112,@lusiaestihito :(((((
2020-01-15 07:05:43,1217342080504041472,"kalo seneng secukupnya, kalo sedih secukupnya, jangan berlarut larut, jangan belebihan"
2020-01-15 01:55:41,1217264056240762880,"its true. semua ada masanya, dan punya limitnya masing masing"
2020-01-13 07:42:05,1216626455318106112,"@updatekehidupan @fortunkukis @lintang_maulida waaaaw, spacive in real life ğŸ‘ğŸ»ğŸ‘ğŸ»ğŸ‘ğŸ»"
2020-01-12 10:25:53,1216305290166976513,@mdenishaf bucinbucin
2020-01-12 08:18:51,1216273320049381378,"RT @jacksonhvisuals: Holy wow. Apple just released full-blown short film - shot on iPhone, of course - with cinematography by Lawrence Sherâ€¦"
2020-01-10 16:17:44,1215669059062120448,RT @yuerekk: So i'll pray for it then~
2020-01-10 15:13:05,1215652790489374720,@apasehhh iya yang papanya tampan mamanya cantik adeknya 2 lucu lucu
2020-01-10 15:12:11,1215652561400680449,@Ummahflda keren bgt bgt sih um!!
