username,created_at,text
zea_mays07,2021-06-12 07:39:38,"FAST 9, diantara semua film Fast n Furious, ini yg paling emosional. Ada juga tebakan di scene terakhir. Kursi yg disebelah Mia kan kosong, itu disiapkan buat Jacob atau Brian?"
zea_mays07,2021-06-10 09:13:39,@InterClubIndo No pict hoax min ğŸ¤£ğŸ¤£
zea_mays07,2021-06-09 09:42:11,@FansNerazzurri 60 juta plus icardi sm keylor navas boleh lah
zea_mays07,2021-06-03 11:39:49,@ICI_Jogja Lah cakepan yg kiri ğŸ¤£ğŸ¤£
zea_mays07,2021-06-03 02:09:08,@Rapper_Melki @Nerazzurri_Ale Marotta
zea_mays07,2021-06-02 05:39:31,"@InterClubIndo Luigi : Lu banyak utang, mau bangkrut aja sok sokan bikin baliho n videotron di banyak kota."
zea_mays07,2021-06-01 23:12:36,@InterClubIndo Beli pemain baru dr motong gaji pemain lain??
zea_mays07,2021-05-31 10:32:03,@FansNerazzurri Tukeran sm kante + 90 juta boleh lah
zea_mays07,2021-05-31 08:37:12,@indrabo23 @interistweet @epic_bro77 @InterClubIndo Padahal mau bangkrut
zea_mays07,2021-05-29 08:44:00,@Nerazzurri_Ale Legend ini
zea_mays07,2021-05-29 08:37:51,@Inter_Report Simone minta radu
zea_mays07,2021-05-29 07:18:13,@gusyap_90 @rofikabdul_6324 @samijajung @FansNerazzurri Bikinin patung hahaha
zea_mays07,2021-05-29 06:41:28,@FansNerazzurri Bagusan mana Vlahovic dibandingkan Belotti? @FansNerazzurri
zea_mays07,2021-05-29 06:31:39,"@gusyap_90 @rofikabdul_6324 @samijajung @FansNerazzurri Hai... Gaglia itu jimat keberuntungan, klo musim kmrn gada dia, ga jd scudetto inter"
zea_mays07,2021-05-28 11:02:35,"@FansNerazzurri Abis perpanjangan, langsung jual, gantinya Romagnoli"
zea_mays07,2021-05-26 23:33:17,@Nerazzurri_Ale Zidane ke inter ternyata
zea_mays07,2021-05-26 16:40:34,"@a_kecilin @FansNerazzurri Bisa jadi itu, conte out, lukaku cabut, icardi balik bonus Wanda. Perisic nya yg out sm hakimi"
zea_mays07,2021-05-26 09:10:41,"@Nerazzurri_Ale Conte ke madrid, zidane ke inter ğŸ¤£ğŸ¤£ğŸ¤£"
zea_mays07,2021-05-25 14:40:50,@Ilasub @Inter Ayune cah
zea_mays07,2021-05-25 13:11:24,@alexasaffira Yuk bisa yuk marotta
zea_mays07,2021-05-24 10:10:03,Ingat saat kalian bergabung dengan Twitter? Saya ingat! #HariJadiTwitterSaya https://t.co/1s2bV2NCka
zea_mays07,2021-05-11 20:06:46,@Nerazzurri_Ale @Wisnu_Adinata Abis ini agen nya yg dipecat
zea_mays07,2021-05-11 13:32:19,"@GOAL_ID Bahkan Pirelli juga mau meninggalkan inter, ada apa @GOAL_ID ?"
zea_mays07,2021-05-07 14:04:46,@InterClubIndo Monza biar ada balotelli
zea_mays07,2021-05-04 11:09:15,@InterClubIndo Sebenarnya drpd nyinyir mending pasang videotron tandingan aja. Misal klo berhasil lolos ucl musim depan
zea_mays07,2021-04-30 05:45:51,"@Nerazzurri_Ale Jadiin 300juta bonus RG5, dalbert, vecino, pinamonti"
zea_mays07,2021-04-29 13:45:53,@GOAL_ID 200juta lepas dah
zea_mays07,2021-04-23 13:05:53,"Aku yg jauh merantau ke sini, ninggalin ortu yg tinggal satu satunya, yang msh rutin kontrol bulanan karena struk. Kadang merasa iri dgn warga sini yg gampang banget ijin ga masuk, atau lempar tugas ke yg lain karena salah satu keluarganya ada yg sakit."
zea_mays07,2021-04-20 12:19:49,"@FansNerazzurri Arsenal pasti ini, gara2 di hina netijen"
zea_mays07,2021-04-20 12:15:44,"@Nerazzurri_Ale Dia yg ngerusak harga pasar pemain, dia juga yg sok jadi pahlawan"
zea_mays07,2021-04-19 08:41:12,@ntan22 Sing sabar yo tan... Insha Alloh Bapak Khusnul Khotimah
zea_mays07,2021-04-17 10:45:15,@Nerazzurri_Ale Sekalian bahas dona bisa kali buat gantiin handa
zea_mays07,2021-04-16 20:10:37,@dimskurniawan04 @khamdy_doncal @Nerazzurri_Ale Tuker dona
zea_mays07,2021-04-07 13:58:36,@FansNerazzurri Loh bukan nya dulu dibilang skuad tua karena beli kolarov?
zea_mays07,2021-04-05 11:06:23,@Nerazzurri_Ale Kulusevki kaya messi tp oper aja ga bisa
zea_mays07,2021-03-28 12:26:09,"@williabi Sabar wil... nanti ada waktunya, aku pernah rasain hal yg sama."
zea_mays07,2021-03-25 00:43:32,@errywr Ada apa ini??
zea_mays07,2021-03-20 13:32:55,@kokolaziale Sekalian malam pertama nya live harusnya
zea_mays07,2021-03-20 04:26:44,@InterClubIndo Pokoknya harus ada
zea_mays07,2021-03-16 14:01:55,@kemsoy Owalah
zea_mays07,2021-03-16 02:26:36,@balki_cuyy @FansNerazzurri 300juta lepas dah. Lumayan buat bayar tunggakan
zea_mays07,2021-03-15 23:37:21,@kemsoy Anu apa kiye??
zea_mays07,2021-03-13 15:30:51,@GOAL_ID Tp stiker nya ampas
zea_mays07,2021-03-13 14:32:23,@JokoTribian @irvanxo @BenDhanio @pandji Blm dpt hidayah om. Disana gada indosiar
zea_mays07,2021-03-13 14:29:15,@irvanxo @BenDhanio @pandji Dare devil masuk DC
zea_mays07,2021-03-13 11:52:35,@FansNerazzurri @BorjaMbah
zea_mays07,2021-03-13 06:20:53,@Nerazzurri_Ale Lumayan buat saingan sm RG5
zea_mays07,2021-03-10 08:55:19,@GOAL_ID Tore Andre Flo mana min @GOAL_ID ?
zea_mays07,2021-03-06 03:02:14,"@FansNerazzurri Emang bener sih, lukaku itu kontrol bola pertama nya jelek. Teknik juga kurang. Tp body sm speed ok."
zea_mays07,2021-03-03 12:30:47,@PSGindonesia Ronaldinho pastinya
zea_mays07,2021-02-27 14:04:39,"Dari siang mendung, jemuran sengaja ga dimasukin, eh malemnya malah hujan deres bgt."
zea_mays07,2021-02-23 13:04:17,Paling males kalo udah di kosan trus ada yg telpon ngomongin kerjaan. Apalagi yg telpon Lsm. Mending biarin aja ga usah diangkat
zea_mays07,2021-02-15 11:17:30,@FansNerazzurri Tuker sm Alfonso Davis ğŸ¤£ğŸ¤£ğŸ¤£
zea_mays07,2021-02-06 07:11:09,@InterClubIndo Udah bisa gantiin Conte ini
zea_mays07,2021-02-04 14:49:03,"Jancuk... Dulu tuh kosan nya tenang, ini ada anak baru masuk, dah sekamar berdua. Jam 11 malem main gitar keras bgt. Padahal ini kosan isinya orang2 yg kerja, yg butuh istirahat malem."
zea_mays07,2021-01-31 13:47:16,@williabi @vinisaisyah Hahahaha...
zea_mays07,2021-01-31 13:29:05,@williabi @vinisaisyah Depan stasiun kroya jgn lupa
zea_mays07,2021-01-28 14:31:32,@FansNerazzurri Kasih dalbert sm jomar juga rela
zea_mays07,2021-01-24 12:53:47,@GOAL_ID Ajax
zea_mays07,2021-01-12 13:59:18,"@Nerazzurri_Ale Klo skuad kaya skrg, kayanya ini pelatih bs lebih bagus dr Conte hasilnya"
zea_mays07,2021-01-06 13:16:14,@InterClubIndo Candreva show
zea_mays07,2021-01-03 04:48:15,@hrvhrvian @setyaanggac @FansNerazzurri Hey kalian melupakan thiago alcantara waktu di inter
zea_mays07,2021-01-03 00:29:55,"Selamat ulang tahun @Orezh semoga dilancarkan semua urusan, doa dan keinginan dikabulkan oleh Alloh swt"
zea_mays07,2020-12-31 13:27:12,@InterClubIndo Besok tendang bola biar kena kepala Conte aja
zea_mays07,2020-12-31 06:22:31,"@indahcahyarini Sumbawa masih NTB, bukan ntt"
zea_mays07,2020-12-30 05:41:02,Nonton Sweet Home karo jegang plus mangan cemilan. Ntap. Hahahaha
zea_mays07,2020-12-30 05:17:40,"@Nerazzurri_Ale Lukaku tuker kessie, hahaha"
zea_mays07,2020-12-30 01:21:11,@IniNuansa @happyeka
zea_mays07,2020-12-30 01:19:06,"@IniNuansa Gara2 covid, negara penempatan ga mau Terima tki dr Indonesia. Jd sementara stop."
zea_mays07,2020-12-30 00:56:14,@IniNuansa Sweet home
zea_mays07,2020-12-30 00:46:00,Menggugurkan kewajiban ngantor. Padahal dr senin di kantor sendirian. Gpp lah itung2 nonton drakor gratis
zea_mays07,2020-12-29 09:29:09,@williabi Sing lanang sapa wil?
zea_mays07,2020-12-29 05:19:40,@InterClubIndo Pemain argentina
zea_mays07,2020-12-26 23:15:32,@FansNerazzurri 1-5 beli semua. Hahaha
zea_mays07,2020-12-20 04:58:25,@Nerazzurri_Ale Papu in; hakan out
zea_mays07,2020-12-18 05:25:06,@ntan22 Bukan bws kan? Hahahaha
zea_mays07,2020-12-14 12:46:20,@ntan22 Biasane pertengahan Desember wis ga ana pembayaran apapun.
zea_mays07,2020-12-14 10:14:56,"@ntan22 Dokumen njlimet, bayaran nunggu anggran cair. Hahaha"
zea_mays07,2020-12-13 02:05:29,@ttinderjoy @wira_zahy @husnudzonn @Ma_uq @MailMKD @dryuangga @cursedkidd Naik feri dari SBY ke lombok turun di lembar. Dari lembar ke sembalun nya??
zea_mays07,2020-12-09 22:24:51,@FansNerazzurri Trubin dibantu lukaku
zea_mays07,2020-12-09 22:00:13,@Interisti_STAN @FansNerazzurri Neraka dibikin sendiri
zea_mays07,2020-12-09 21:58:53,Lukaku out ğŸ˜€ğŸ˜€
zea_mays07,2020-12-07 10:08:56,@estehtarikaja Yg penting jgn cerita di sosmed
zea_mays07,2020-12-05 09:46:11,@FansNerazzurri Tuker kdb sm gundogan boleh lah
zea_mays07,2020-12-02 01:21:59,@FansNerazzurri Dah lama kan seneng menyulitkan diri sendiri mir
zea_mays07,2020-11-23 00:26:07,"@roesmhinovic @BorjaMbah @InterClubIndo Beli aja itu kiper, ngurangin 1 masalah. Sapa tau lbh jos dr handa"
zea_mays07,2020-11-13 03:47:24,@pemaiincadangan @vAnz_jft96 @brunobangbang9 @GOAL_ID Lord Bertnerd
zea_mays07,2020-11-10 14:25:49,"@Nerazzurri_Ale Tuker lautaro, bonus conte hahahaha"
zea_mays07,2020-11-04 05:19:45,"Dikantor kosong, jd mending pulang aja,"
zea_mays07,2020-11-03 07:26:20,@FansNerazzurri Saatnya lord membuktikan kehebatan nya
zea_mays07,2020-11-03 06:51:03,Interisti emang cakep cakep. Hahahah https://t.co/CimYKVjeB4
zea_mays07,2020-11-02 09:17:08,@faidlulahmad @GOAL_ID Enrico dah pensiun mas
zea_mays07,2020-10-31 07:02:29,@afidrachmat @nadia_prawidha No 1 mantan presiden madrid
zea_mays07,2020-10-31 04:27:21,@FansNerazzurri Boleh lah ke psg tuker sm icardi ğŸ˜„ğŸ˜„
zea_mays07,2020-10-31 04:03:05,@rahmiiaziz Iya bener... arep ngobrol enak malah dadine ora sida.
zea_mays07,2020-10-31 02:35:49,@rahmiiaziz pada bae.
zea_mays07,2020-10-28 14:10:13,Pas #TesUsiaMental https://t.co/BCPE6qwkWn
zea_mays07,2020-10-24 10:29:26,Suka sm cewe tapi ga berani ngomongğŸ˜­ğŸ˜­
zea_mays07,2020-10-23 07:23:03,"Perantau jauh ke lombok Dulu waktu msh ada pesawat lombok-jogja msh enak. Skrg dah gada itu lombok-jogja. Terpaksa ganti lombok-bali-solo(pesawat)-purwokerto (kereta), baliknya purwokerto-sby(kereta) - lombok (pesawat) sekali jalan dah mau 24 jam"
zea_mays07,2020-10-21 23:06:48,@Bolanet Sekalian kiper nya
zea_mays07,2020-10-21 11:32:17,@FansNerazzurri Angkut....Kasih 5juta buat gaji cukup lah.
zea_mays07,2020-10-20 12:59:02,"Seru juga kali yah klo 3 kuncen perlindungan ketrima beasiswa semua. Sisa cuma yg tua tua aja. (ga usah dianggap serius, cuma lg berhayal aja)"
zea_mays07,2020-10-20 09:54:56,Akhir2 ini udah males mantengin grup wa.
zea_mays07,2020-10-20 03:16:35,@GOAL_ID Alesandro Nesta
zea_mays07,2020-10-14 10:53:40,"Jeleknya kantor ku tuh, klo kamu usul, kamu juga yg ngerjain. Jadi mending diem aja. Bodo amat dah."
zea_mays07,2020-10-14 08:15:19,Jam segini dah di kosan itu rezeki. Ga tau knp akhir2 ini males bgt di kantor. Kerjaan biarin aja ntar juga selese sendiri. Toh ada org2 yg ga pernah ngantor tp tetep gajian. Dan didiemin juga.
zea_mays07,2020-10-13 11:28:35,@fcbayernfanid Tuker lucas hernandez
zea_mays07,2020-10-09 10:41:24,@FansNerazzurri Pada seneng kan no 5 ga main
zea_mays07,2020-10-09 09:06:33,@GOAL_ID Suarez sm torres bagusan torres waktu di liverpool.
zea_mays07,2020-10-08 10:40:21,@estehtarikaja Add ciel lumayan lah gm3
zea_mays07,2020-10-07 14:54:59,@GOAL_ID Torres woy
zea_mays07,2020-10-04 04:44:51,@Nawwafeko7 @ArisSummerScent @dmitradio @Nerazzurri_Ale Jgn lupa icardi + wanda + anak anaknya
zea_mays07,2020-10-03 05:01:52,@FansNerazzurri Tuker icardi+Wanda deal dah.
zea_mays07,2020-09-30 23:06:45,@VGXR @Nerazzurri_Ale Betul. Gol ke 2 kelihatan bgt. No 6 cover 11. No 37 jd nutup ruang 6. Yg sebelah kosong.
zea_mays07,2020-09-28 03:51:39,Masa iya orang mau cerai ngadu nya ke bp2mi
zea_mays07,2020-09-27 09:49:37,@alexasaffira Kini tengah nya cukup sensi+vidal+nainggolan.
zea_mays07,2020-09-26 21:41:12,"@ICI_Jogja Tengah kebanyakan, perlu jual 1-2 org lg. CB perlu ditambah, klo skrini jd out"
zea_mays07,2020-09-26 10:58:50,@alexasaffira Yakin tetep anya minta @ICI_Jogja ?
zea_mays07,2020-09-26 07:41:13,Kami tak memiliki mesin yg mampu menghitung harga kemanusiaan https://t.co/oS76f2rPgz
zea_mays07,2020-09-24 05:01:25,Sedang dalam tahap tidak punya motivasi melakukan apapun. Hanya sebatas menggugurkan kewajiban saja.
zea_mays07,2020-09-23 10:54:07,@yenny_internona Okay... Terima kasih mba yeni
zea_mays07,2020-09-23 04:46:56,@yenny_internona Ini lokal atau bukan mba yen?
zea_mays07,2020-09-22 14:08:47,https://t.co/TyfohWdEvw
zea_mays07,2020-09-21 04:56:03,@Nerazzurri_Ale Yg mahal harga mental sama pengalaman nya.
zea_mays07,2020-09-21 00:45:00,@FansNerazzurri Mau beli kepa buat ganti handa
zea_mays07,2020-09-20 11:47:14,@ICI_Jogja Ntar nunggu gaglia jd kapten min
zea_mays07,2020-09-20 02:41:11,@FansNerazzurri Untouchable
zea_mays07,2020-09-17 14:03:35,"Sama aja kaya moto gp di lombok. Apakah berdampak langsung buat masyarakat? Aku pikir tidak. Buktinya lebih banyak org ntb yg pengin kerja di luar negeri. Jadi pekerja ladang atau plrt. Disekitar sirkuit di mandalika, makin banyk hotel. Yg kerja disitu, hanya sedikit warga lokal."
zea_mays07,2020-09-17 13:52:42,"Baca artikel ""Labuhan Bajo butuh jalan tol"". Sudah ke bajo blm sih? Labuhan bajo itu kecil, dr bandara nginep semalem langsung sailing. Klo maksudnya buat keliling pulau flores nya, jln prov cukup bgt. Biarkan bajo n flores tetap dgn ke alamian nya"
zea_mays07,2020-09-16 11:59:27,"Seorang penulis novel yang dikejar deadline, tapi pikiran nya mentok gada inspirasi. Ketemu cowo misterius yg hobi gambar. Setelah beberapa tahun berpisah, akhirnya bs ketemu lagi https://t.co/vvOtgxbhPu"
zea_mays07,2020-09-16 04:55:41,@Nerazzurri_Ale Angkut sana
zea_mays07,2020-09-15 07:39:22,@Nerazzurri_Ale Lord selalu yg terdepan
zea_mays07,2020-09-13 03:41:59,@ICI_Jogja @alexasaffira @Anyaselalubenar Anjay wkwkwk
zea_mays07,2020-09-13 03:07:49,@alexasaffira Min @ICI_Jogja mundur mundur
zea_mays07,2020-09-13 03:04:23,@FansNerazzurri Di cover majalah malah mau beli chiesa
zea_mays07,2020-09-12 08:39:34,@FansNerazzurri Mending Nainggolan
zea_mays07,2020-09-10 05:22:33,@Bolanet Puyol
zea_mays07,2020-09-09 11:56:14,@FansNerazzurri 20 juta lepas dah. Tapi cash.
zea_mays07,2020-09-04 09:05:23,"@DangdutEmpire @Bolanet Angkatan ibra itu ada vander vaart, chivu, sneijder. Malah ga masuk juga"
zea_mays07,2020-09-04 05:35:47,@FansNerazzurri Bayarin dah tuh.
zea_mays07,2020-09-02 14:15:40,@Nerazzurri_Ale Tuker icardi + Wanda + 50juta
zea_mays07,2020-09-02 10:35:41,@alexasaffira Ya kan lini tengah nya terbaik di dunia. Beda sm inter ğŸ¤£ğŸ¤£ğŸ¤£
zea_mays07,2020-09-02 05:27:25,@ICI_Jogja @alexasaffira @IJhamAndTSD Namanya bukan cinta min
zea_mays07,2020-09-01 13:38:39,@Nerazzurri_Ale 5 juta + nuer boleh lahğŸ˜€ğŸ˜€
zea_mays07,2020-08-31 07:36:52,"@Nerazzurri_Ale Ini kan pinjam tebus, belum tentu th depan milan bisa nebus."
zea_mays07,2020-08-31 00:59:21,@FansNerazzurri Bang SMS siapa ini bang?
zea_mays07,2020-08-29 04:52:35,@dibuatmainan @MamaYuuker0 @Nerazzurri_Ale Betul itu agoume klo ketemu pelatih yg tepat bs jadi bagus loh.
zea_mays07,2020-08-29 03:00:22,@pandji T Chala nyusul T Chaka bang
zea_mays07,2020-08-29 00:28:24,@ICI_Jogja Klo yg datang kante sm SMS gpp lah tonali ke Milan
zea_mays07,2020-08-28 23:50:28,@ICI_Jogja Berarti ada 1 atau 2 gelandang yg bakal masuk kan?
zea_mays07,2020-08-28 14:47:23,"@ICI_Jogja Mbah Borja, mbah kolarov, ojo lali karo uyut samir"
zea_mays07,2020-08-28 14:02:42,"Tadi siang jum'atan di salah satu masjid di kota Mataram, Ntb. Jamaah banyak yg ga pake masker, tidak ada jaga jarak dan abis sholat pada salaman."
zea_mays07,2020-08-28 05:08:40,"@ICI_Jogja @alexasaffira Yg penting jangan kaya gagliardini, gawang kosong tp ga goal"
zea_mays07,2020-08-27 23:52:32,"@FansNerazzurri Kunci lini tengah italia, runner-up liga sm europa league, mau dituker sm SMS, rugi besar inter. Harusnya lazio nambah duit"
zea_mays07,2020-08-27 09:54:05,"@aparatmati Klo pun gugatan nya menang, yg jadi pertanyaan gimana cara nutup nya klo semua orang live dr medsos masing-masing? Internet nya di down gitu"
zea_mays07,2020-08-27 05:40:31,"@_aditdoank @FansNerazzurri Iya bang gpp lah, rugi transfer, tp beban gaji tetep msh dpt pemain juga"
zea_mays07,2020-08-27 04:16:35,@FansNerazzurri Suarez + Messi gpp deh. Tapi gaji yg bayar barcelona. Lautaro gaji yg bayar inter
zea_mays07,2020-08-25 23:07:23,@Nerazzurri_Ale Tuker gagliardini le
zea_mays07,2020-08-24 13:26:02,@Nerazzurri_Ale Ambil gan
zea_mays07,2020-08-24 08:32:46,@Nerazzurri_Ale Klo bukan junior firpro jangan mau. Bek kiri yg lebih hebat dr messi ituğŸ˜‚ğŸ˜‚ğŸ˜‚
zea_mays07,2020-08-24 05:13:35,@chelseaindo @InterClubIndo Kasih hadiah kante bisa kali
zea_mays07,2020-08-23 11:35:27,@FansNerazzurri @Inter_en Ini miha kan pernah kena kanker/ tumor klo gasalah. Semoga segera baikan
zea_mays07,2020-08-23 02:52:32,@GOAL_ID samuel etoo??
zea_mays07,2020-08-19 10:02:17,Hujan deras sekali
zea_mays07,2020-08-19 03:59:29,@Bolanet Yg layak puyol
zea_mays07,2020-08-19 03:50:04,@FansNerazzurri Oke... Tuker lukaku sm benzema+kross+50juta
zea_mays07,2020-08-17 08:19:47,@GOAL_ID Bukan sancho tapi harry kane
zea_mays07,2020-08-17 06:01:11,@ICI_Jogja Ambil dua duanya
zea_mays07,2020-08-17 05:02:38,@Nerazzurri_Ale Ga tersentuh
zea_mays07,2020-08-17 04:11:29,@FansNerazzurri Ini inter ga mau angkut kiper nya sevilla
zea_mays07,2020-08-16 03:24:34,@Bolanet Waktunya kdB pindah
zea_mays07,2020-08-15 22:29:46,@ICI_Jogja Itu foto di belakang siapa?
zea_mays07,2020-08-15 09:05:01,@FansNerazzurri Ya udah kasih aja messi+pique+griezman+vidal. Pasti mau.
zea_mays07,2020-08-15 00:58:23,@Nerazzurri_Ale Biar belajar sm Godin
zea_mays07,2020-08-14 07:04:34,@CurvaNordSoul Gaglia = SMS +40million
zea_mays07,2020-08-12 14:20:03,"@nadia_prawidha Sosialisasi, mengoptimalkan peran pemerintah desa, pemda dan ltsa. (sering2 aja liat postingan medsos bp2mi, pasti salah satu ada yg nyangkut)"
zea_mays07,2020-08-12 13:52:01,@nadia_prawidha Program kerja kepala bp2mi yg utama adalah pemberantasan sindikasi pengiriman pmi nonprosedural. Sbg humas apa yg akan dilakukan untuk menyukseskan program itu? (misale ada pertanyaan gitu)
zea_mays07,2020-08-12 05:59:29,@ICI_Jogja @borjavalero20 Lg di julidin sm young itu
zea_mays07,2020-08-12 00:25:16,@GOAL_ID Arema yg mana?
zea_mays07,2020-08-10 09:44:05,@GOAL_ID Yg ada pemain barca yg ditawar city
zea_mays07,2020-08-05 09:05:54,@FansNerazzurri Inter Miami woy... Klub nya beckham.
zea_mays07,2020-08-04 13:11:31,@Nerazzurri_Ale Pemain cadangan terbaik : Berni
zea_mays07,2020-08-03 22:30:30,"@FansNerazzurri Salah satu cara buat meningkatkan brand ""inter"" adalah membuat semua media ngomongin inter dlm waktu yg lama. (klo manajemen skrg ikut ngomong, beritanya langsung selese)"
zea_mays07,2020-08-03 11:06:35,"@ICI_Jogja Seperti nya semua negosiasi pemain baru ditunda, nunggu pelatih jelas dulu"
zea_mays07,2020-08-03 09:49:24,"@alexasaffira Zhang pengin Messi, conte ga mau, conte mundur, pochettino masuk +Messi."
zea_mays07,2020-08-01 03:14:52,Ini kenapa #purwokerto jd trending topik #purwokerto
zea_mays07,2020-07-31 15:22:40,@ICI_Jogja @borjavalero20 Asli gol itu klo mbah
zea_mays07,2020-07-31 15:19:12,@ICI_Jogja Eh min itu icardi 2x meng gagliardini kan diri
zea_mays07,2020-07-31 15:10:50,@ICI_Jogja @borjavalero20 Yg dilingkarin yg mulia berni?
zea_mays07,2020-07-31 15:06:51,"@r23_ad @Nerazzurri_Ale Nunggu Conte diganti, formasi skrg ga cocok sm messi"
zea_mays07,2020-07-31 14:51:48,@Nerazzurri_Ale Ke chelsea aja tuker kante
zea_mays07,2020-07-31 07:09:55,"@ICI_Jogja Bayangin Messi 1-2 sm candreva, trus ada mbah borja"
zea_mays07,2020-07-31 00:10:36,"@Nerazzurri_Ale Klo skriniar yg dikorbankan, lebih bagus tuker kante. Chelsea juga butuh bek. Kante kurang masuk skema lampard"
zea_mays07,2020-07-30 11:11:24,@purwo87 @Nerazzurri_Ale Junior Fipro
zea_mays07,2020-07-30 10:12:32,@ICI_Jogja @alexasaffira Ganti nama jadi lautaro min
zea_mays07,2020-07-30 09:25:23,"@Nerazzurri_Ale Barca tawar verrati, psg beli neymar. Barca tawar lautaro, sunning beli messi"
zea_mays07,2020-07-28 09:10:19,@FansNerazzurri Jangan mau
zea_mays07,2020-07-28 08:41:09,@Bolanet Ke final
zea_mays07,2020-07-28 08:39:55,@FansNerazzurri @MarcoZH10 LM10 bukan nya dah di inter yah?
zea_mays07,2020-07-28 03:55:08,@FansNerazzurri Alexis+pogba
zea_mays07,2020-07-28 01:45:41,"@ICI_Jogja Transaksi paling jos ini, etoo - ibra gada apa2nya"
zea_mays07,2020-07-24 09:22:25,@ICI_Jogja Misal ini min... Klo skriniar tuker dybala yg untung siapa??
zea_mays07,2020-07-23 10:58:05,@ICI_Jogja Icardi harus nya yah... Tanpa wanda
zea_mays07,2020-07-21 14:34:36,@ICI_Jogja Valeron sangat playmaker
zea_mays07,2020-07-19 12:52:41,@ICI_Jogja Pepet terus min
zea_mays07,2020-07-18 01:39:57,"@Nerazzurri_Ale Yg digosipin siapa, yang datang nanti siapa"
zea_mays07,2020-07-16 13:27:02,@Nerazzurri_Ale Klo udine degradasi pasti harga turun
zea_mays07,2020-07-16 03:24:13,@ICI_Jogja Nerazzurri yg mana ini??
zea_mays07,2020-07-16 02:48:26,@Orezh Suwun rez.... Malah lg tepar kiye koh. Keselek bolak balik bandara ngurus tki
zea_mays07,2020-07-15 14:09:12,@Nerazzurri_Ale Boleh lah tuker KdB atau aguero+70juta
zea_mays07,2020-07-15 12:19:21,"@FansNerazzurri Klo simeone pasti bnyk yg setuju, apalagi bawa oblak sekalian"
zea_mays07,2020-07-15 10:41:29,@FansNerazzurri Kante ğŸ‘
zea_mays07,2020-07-15 01:51:22,@FansNerazzurri Handa ga punya pesaing yg bagus.
zea_mays07,2020-07-10 03:00:55,@FansNerazzurri Conte ga terlalu percaya sm pemain cadangan nya
zea_mays07,2020-07-09 14:47:14,@FansNerazzurri Sama ga bs dibuka juga
zea_mays07,2020-07-03 03:31:06,@FansNerazzurri Tuker griezmann +20juta gpp deh
zea_mays07,2020-07-02 14:39:27,@Nerazzurri_Ale @Inter ğ™½ğšŠğš—ğšğš’ ğš–ğš’ğš—... ğ™¼ğšŠğšœğš’ğš‘ ğš—ğš¢ğš’ğšŠğš™ğš’ğš— ğš™ğš’ğšŠğš—ğš˜ ğšœğš– ğš”ğš˜ğš›ğšğš˜ğšğš›ğšŠğšğš’ ğš‹ğšğšŠğš ğš™ğšğš—ğš¢ğšŠğš–ğš‹ğšğšğšŠğš—
zea_mays07,2020-06-27 06:11:24,@Bolanet Jual dulu alaba
zea_mays07,2020-06-27 01:34:03,@Gee_Aee @FansNerazzurri Tuker perisic
zea_mays07,2020-06-26 23:17:03,@_FedeNerazzurra @ICI_Jogja Ini sekalian swab test?
zea_mays07,2020-06-26 15:01:32,@ICI_Jogja Boleh lah main bentar ke atletico sapa tau oblak pengin coba serie a
zea_mays07,2020-06-26 14:56:47,"@ICI_Jogja Mumpung lg bnyk duit, sekalian angkut pemain madrid lain."
zea_mays07,2020-06-26 14:45:34,"@FansNerazzurri Sekalian cari yg lain, biasanya yg dr madrid bagus klo main di inter"
zea_mays07,2020-06-26 05:19:48,@FansNerazzurri 70+coutinho gpp deh
zea_mays07,2020-06-26 02:58:29,@FansNerazzurri 86 point
zea_mays07,2020-06-26 01:42:25,@FansNerazzurri Musim ini cukup jd pelajaran buat Conte n manajemen. Musim depan bangun skuad inti n cadangan yg kuat n bisa diandalkan.
zea_mays07,2020-06-26 01:25:47,"@Bolanet Gpp ambil aja kasihan, tp tuker sm karius"
zea_mays07,2020-06-21 02:56:36,"@nadia_prawidha @dstrVR @afidrachmat @dianmartha S-R kayanya bukan juga, mungkin newcomb"
zea_mays07,2020-06-21 02:49:54,@nadia_prawidha @dstrVR @afidrachmat @dianmartha Lasswell
zea_mays07,2020-06-17 05:41:55,@Telkomsel ini kenapa banyak sekali sms penawaran pinjaman online ???
zea_mays07,2020-06-07 12:55:37,@FansNerazzurri Pinjem luka jovic aja tuh
zea_mays07,2020-06-06 00:42:44,@Bolanet 80juta + benzema boleh lah
zea_mays07,2020-06-05 01:11:53,@FansNerazzurri Untung ga plontos
zea_mays07,2020-06-02 04:26:58,@williabi Biasane travel nek ora ya bus ra genah. Bakal laris manis kuwe mba efi
zea_mays07,2020-06-01 00:03:08,"@Nerazzurri_Ale Klo tahun depan di lepas lagi ke inter, berarti inter dpt 15juta"
zea_mays07,2020-05-17 20:51:14,@williabi Hahahaha perpolitikan di unsoed smp kapanpun juga gitu. Klo aku sih setuju dia pindah. Klo otak sm ide2 dah ga dipake ngapain tetep disitu.
zea_mays07,2020-05-17 20:23:12,"@williabi Susah wil, kampuz depan paling fisip, eko, sm hukum. Cuma 3. Kampuz blkng ada brp coba? Trus yg depan 3 juga blm tentu akur."
zea_mays07,2020-05-17 11:08:06,Mui jatim bolehkan sholat berjamaah di masjid.
zea_mays07,2020-05-14 14:34:59,@Bolanet Jaman David vila + David silva
zea_mays07,2020-05-13 10:31:27,"@Nerazzurri_Ale Lautaro+skriniar = ter stegen, griezman, Arthur, vidal"
zea_mays07,2020-05-12 14:32:01,@Nerazzurri_Ale Sergio Ramos + 50juta
zea_mays07,2020-05-05 15:33:20,"@redyaS_ Justru wfh tambah akeh gawean pak, plus tambah paketan internet boros nggo meeting online"
zea_mays07,2020-05-01 13:14:35,@redyaS_ Iya...kan surate perihal pemberitahuan pembongkaran.
zea_mays07,2020-05-01 11:25:25,@redyaS_ Jangan percaya kalo blm ada video nya. Lagi caper aja itu
zea_mays07,2020-04-21 11:59:16,Ini masakan terakhir ibu sebelum beliau sakit dan akhirnya meninggal. https://t.co/v5vvUNgRf0
zea_mays07,2020-04-21 11:57:58,@Renzomme @ridho_adrn @susipudjiastuti Urung nemu
zea_mays07,2020-04-17 11:54:36,@stny_ @TYORivera @CNNIndonesia @kisahtanahjawa Sing penting pada slamet
zea_mays07,2020-04-10 15:54:52,"@Riyan30236257 Maaf bapak, saya cuma bisa bantu mengarahkan kemana harus melapor. Silahkan bapak melapor ke nomer yg dilingkari itu. Nanti mereka yg akan menindaklanjuti laporan bapak. Sekali lagi saya minta maaf karena cuma bs membantu smp sini saja https://t.co/aHwFnCVl3e"
zea_mays07,2020-04-10 10:13:04,"@kbriabudhabi @Riyan30236257 @kjridubai @BP3TKI_Serang @bp2mi_ri Maksudku buat menghubungi admin @bp2mi_ri bukan ke @kbriabudhabi aku juga tahu lokasi. Ini kan bapak nya bingung mau tanya kemana, makanya aku coba mengarahkan. Nah kebetulan aja pas aku replay msh nyangkut ke user situ."
zea_mays07,2020-04-10 09:30:24,@Riyan30236257 @kbriabudhabi @kjridubai @BP3TKI_Serang Mungkin bisa dibantu itu min bapak nya yg mau cari sodaranya @bp2mi_ri
zea_mays07,2020-04-10 09:28:41,"@Riyan30236257 @kbriabudhabi @kjridubai @BP3TKI_Serang Bisa lapor ke disnaker, atau bp3tki/p4tki yang ada di kota bapak. Yang penting ada data2 nya misal paspor."
zea_mays07,2020-04-06 08:14:52,@seyquarcoo @ocloo_solomon @FutbolBible Maicon in RB and zanetti in LB
zea_mays07,2020-04-05 11:50:45,@GOAL_ID 2010 Phil Jones
zea_mays07,2020-04-03 10:40:15,"Di era milenial seperti sekarang, pengelolaan medsos oleh Tim humas harus benar2 diperhatikan, mulai dr konten yang menarik dan informatif dan juga admin yang ramah, yang tahu lembaga ini luar dalam."
zea_mays07,2020-04-03 10:36:09,"Salah satu ujung tombak dari eksistensi lembaga ini adalah humas nya. Jika humas nya bagus, maka lembaga ini juga akan mendapat tempat tersendiri di hati masyarakat."
zea_mays07,2020-04-03 10:33:21,"Setelah bertahun tahun ga ngurusin humas nya, akhirnya kantorku mulai peduli dan merasakan bahwa humas itu penting. Humas bukan hanya untuk dokumentasi ceremonial tapi juga sebagai branding lembaga."
zea_mays07,2020-04-02 11:12:38,@astrofess @NASAHubble Ini tanggal lahirku https://t.co/d79dR5ZV55
zea_mays07,2020-03-31 23:14:01,Alhamdullillah masih bisa gajian..meskipun langsung kepotong angsuran
zea_mays07,2020-03-27 08:51:07,Gk : David Seaman CB : Tony Adams MF : P. Viera CF : T. Henry Super sub: D. Bergkamp https://t.co/hgYkWgY034
zea_mays07,2020-03-20 06:15:49,@vaLentfun21 Lombok esih jumatan mas
zea_mays07,2020-03-08 05:28:53,@vaLentfun21 Ayo mancing mas valent
zea_mays07,2020-02-28 03:22:42,@nadia_prawidha @dianmartha klo aku dulu skb nya mirip kaya ngerjain psikotes + test toefl di tempat. Gada yg berkaitan sm bidang yg dilamar
zea_mays07,2020-02-27 14:02:24,@bp2mi_ri Mau dong jd rekan kerja nya mimin
zea_mays07,2020-02-25 00:34:10,@nadia_prawidha Gpp...itu hari priyanto juga di bnp.
zea_mays07,2020-02-25 00:02:55,@nadia_prawidha Km daftar bnp2tki wid ?
zea_mays07,2020-02-19 10:57:12,pernah ngalamin waktu ditinggal ibu https://t.co/hRybn1qA55
zea_mays07,2020-02-18 09:22:58,@FansNerazzurri Skrg di conte jadi bagus dia
zea_mays07,2020-02-14 22:17:06,@Nerazzurri_Ale 500 juta dah 3 orang itu
zea_mays07,2020-02-12 03:51:48,@Interisti_STAN @Nerazzurri_Ale Perlu manggil pak Erick thohir ga itu Milan biar dibenerin??
zea_mays07,2020-02-06 14:18:21,@Nerazzurri_Ale Canceli+100juta
zea_mays07,2020-02-05 14:08:43,@kbriabudhabi @Astori07561237 @kjridubai sama2 om admin... setiap ada pemulangan Jangan bosen2 koordinasi sama kita @BNP2TKI_ @BP3TKI_Serang Mau pmi prosedural atau non prosedural tetep kita bantu dgn sepenuh hati.
zea_mays07,2020-02-05 09:21:50,@Astori07561237 Sudah pulang orang nya dijemput sama keluarga @kjridubai @kbriabudhabi https://t.co/B3RTsCULWv
zea_mays07,2020-02-02 14:21:23,"@InterClubIndo Kiper cadangan nya siapa jadi nya? Handa cedera, yang mulia berni kartu merah"
zea_mays07,2020-02-02 14:17:58,@errywr Hahahaha....seru tuh... Biar cepet pada pulang.
zea_mays07,2020-02-02 12:45:16,"@errywr Coba kasih Pete, makin mantep"
zea_mays07,2020-02-02 12:39:02,@errywr Sambel Teri nasi nya anget enak bgt itu
zea_mays07,2020-01-28 08:07:56,@FansNerazzurri Gabigol season 2 hahahaha
zea_mays07,2020-01-23 07:15:19,@yusuf_dumdum @mohmahfudmd @Kemenag_RI @MUIPusat Dan jika pada akhirnya jenazah itu tidak ada yg mengurus dan menyolatkan maka 1 kampung berdosa semua
zea_mays07,2020-01-18 09:12:01,@BadmintonTalk 2 jagoan WS ke final
zea_mays07,2020-01-17 22:07:02,@GOAL_ID Next de gea
zea_mays07,2020-01-17 11:13:59,@_FedeNerazzurra Selling dybala to interğŸ¤£ğŸ¤£
zea_mays07,2020-01-15 03:37:19,@BadmintonTalk Ambyar kuis nya
zea_mays07,2020-01-13 11:07:30,"@Yipieyayyy @BadmintonTalk Klo nunggu gres pensiun kelamaan, ya sapa tau mereka ikutan turnamen 100 atau 300 dulu buat ngejar poin"
zea_mays07,2020-01-13 10:48:19,@BadmintonTalk Jadi kapan kita bisa mulai liat owi &amp; apri main xd min @BadmintonTalk
zea_mays07,2020-01-12 11:43:30,@Inter_id @borjavalero20 Spero che quest'anno alzi il trofeo
zea_mays07,2020-01-12 05:14:02,@susipudjiastuti Tabrak aja
zea_mays07,2020-01-11 01:27:58,@Nerazzurri_Ale Bayar dah 30juta atau tuker donarumma
zea_mays07,2020-01-10 09:52:12,Woww keren abis https://t.co/fWBh4g4a34
zea_mays07,2020-01-09 04:20:26,@BadmintonTalk Yes semoga bener
zea_mays07,2020-01-01 01:56:17,@FansNerazzurri Ini baru ga php
zea_mays07,2019-12-28 11:41:39,"@mahasiswaYUJIEM @williabi Klo hujan deras, sholat di masjid, jangan di jalan."
zea_mays07,2019-12-28 01:07:40,@CNNIndonesia Maksudnya mungkin penegakan khilafah di cina
zea_mays07,2019-12-22 04:25:34,@panditfootball Tapi pemain terbaik nya MessiğŸ˜¢
zea_mays07,2019-12-20 14:46:38,@susipudjiastuti Kapal nya tenggelamkan sekalian bu
zea_mays07,2019-12-20 12:34:06,"Halo @myXL @myXLCare aku baru isi paket data, signal juga LTE, tapi kenapa ga bisa internetan ??"
zea_mays07,2019-12-14 07:30:22,Jd silat malaysia sama pencak silat nya indonesia sama sama diakui unesco
zea_mays07,2019-12-12 23:38:35,@SCMPNews Halo KPAI
zea_mays07,2019-12-11 21:25:55,Selamat pagi tki yang tas nya sudah di wrapping terus dirusak lagi wrapping nya
zea_mays07,2019-12-04 14:56:44,"@FansNerazzurri Ke inter kayanya, jd cadangan lukaku"
zea_mays07,2019-12-04 14:12:47,@FansNerazzurri 100juta + KdB
zea_mays07,2019-11-27 22:41:54,@InterClubIndo Tetep borja valero
zea_mays07,2019-10-22 14:29:01,@BNP2TKI_ Min ke Arab kapan buka? Pengin naik haji
zea_mays07,2019-10-06 12:11:37,@GOAL_ID Jay Jay Okocha
zea_mays07,2019-10-02 22:39:54,"Orang kalo sudah duduk di kursi yg empuk dan nyaman, pasti bikin ngantuk dan tidur. Bikin lah kursi di DPR jd kursi yg tidak nyaman, biar mereka yg terhormat ini tidak gampang tidur klo lagi sidang yg menyangkut hajat hidup rakyat yg diwakili"
zea_mays07,2019-09-30 10:20:30,@destaniiia ğŸ‘
zea_mays07,2019-09-26 21:21:46,@Renzomme Bojo loro
zea_mays07,2019-09-22 13:48:32,"@haris_azhar Klo malem dah ga ada bang, paling cuma tinggal yg jaga malem"
zea_mays07,2019-09-20 06:30:54,@BadmintonTalk Klo juara total dpt berapa ?
zea_mays07,2019-09-19 12:48:22,"@BadmintonTalk Masih aman, Chen yu fei, minions, Chen long, siwei yaqiong, fukusima hirota"
zea_mays07,2019-09-19 10:44:31,Nih buat cewe cewe https://t.co/NE6FZtY7Kf
zea_mays07,2019-09-19 06:06:21,@pandji Cara membuktikan santet itu gmn bang @pandji ?
zea_mays07,2019-09-16 14:38:00,@SawitBaikID Terus hutan kalimantan di rubah jd sawit aja semua? Gitu maksud nya ??? Penelitian 1938 itu sebelum Indonesia merdeka woy...
zea_mays07,2019-09-15 00:38:00,@llaelii @inho_LA Mr crab ga pernah setor ke kpi kali
zea_mays07,2019-09-09 13:28:11,"@RudyRoedyanto @permadiaktivis Eh itu ada tulisan djarum nya, harusnya ga boleh itu. Masa yg audisi badminton anak harus steril dr kata2 djarum, tp klo orang dewasa boleh gitu ??"
zea_mays07,2019-09-09 10:48:14,@kompascom https://t.co/AzH7iBKrWh
zea_mays07,2019-09-09 10:37:52,@kompascom https://t.co/AzH7iBKrWh
zea_mays07,2019-09-09 10:25:05,"@detikcom Klo KPAI nya kaya gini, setuju pb djarum stop audisi beasiswa badminton. Biar kpai Aja yg lanjutin."
zea_mays07,2019-09-08 14:31:24,Komisi perlindungan anak Indonesia (KPAI): ROMBAK KEPENGURUSAN KPAI - Tandatangani Petisi! https://t.co/CxamGdrQPJ via @ChangeOrg_ID
zea_mays07,2019-09-08 12:44:44,@hanifzahirulf @YohanesYudy @detikcom KPAI bs memberikan rekomendasi ke KPI Mana sinetron yg bikir rusak masa depan anak2 Indonesia. Tp ya mungkin karena gada duitnya jd males
zea_mays07,2019-09-08 10:51:40,@Nerazzurri_Ale Tuker sm Kevin de bruyne+aguero
zea_mays07,2019-09-08 10:44:33,"@TirtoID Ini cuma foto aja atau video juga?? Logikanya sih klo ambil foto aja bs pelecehan, apalagi video"
zea_mays07,2019-09-08 08:22:19,@putikapuntika Wuih cakep nya
zea_mays07,2019-09-08 05:15:38,@kompascom Jd apa yg sudah kpai berikan untuk mengharumkan nama Indonesia di dunia??
zea_mays07,2019-09-08 05:04:54,"@AhmadN450r1 @Fanzey_ @kompascom Fasilitas, pelatih, dan sistem pembinaan di pb djarum + ketemu, bisa berlatih dengan idola legenda2 badminton Indonesia. Semua itu belum bisa di samakan oleh pb di daerah."
zea_mays07,2019-09-08 02:58:32,Komisi perlindungan anak Indonesia (KPAI) : KEMBALIKAN AUDISI PB DJARUM - Tandatangani Petisi! https://t.co/PDxbf8PDQw via @ChangeOrg_ID
zea_mays07,2019-09-07 23:09:06,@kemalarsjad Bikin petisi bubarkan aja ini yayasan sm kpai nya
zea_mays07,2019-09-07 16:46:37,@aMrazing @lenteraanak_ Abis ini pb djarum menarik semua atlit nya dr pelatnas. Trus Indonesia ga dpt 1 emas pun dr olimpiade. Mampus ga tuh
zea_mays07,2019-09-06 12:33:25,@GOAL_ID 0-13 buat vidic
zea_mays07,2019-09-06 10:40:49,@vaLentfun21 @sidawir @Banyumasiana Kiye sing bojone gawa rubricon kan mas?
zea_mays07,2019-09-06 10:26:22,"@BadmintonTalk Seperti biasa alur nya kaya gitu terus. Menang set 1, kalah set 2, set 3 kalah juga. Kaya gada belajar nya. Mungkin fisik nya dilatih biar kuat smp set 3 atau cara mainnya. Mungkin loh yah ini. Yg sering perhatikan jorji pasti paham."
zea_mays07,2019-09-06 01:09:05,@errywr Wkwkwkwk
zea_mays07,2019-09-05 05:30:28,@FNTV__ Sanchez dikerjain pintusğŸ¤£ğŸ¤£ğŸ¤£
zea_mays07,2019-09-04 04:39:13,hp nya masuk ke ember. sementara mati
zea_mays07,2019-09-02 11:28:11,@andrelikeearth @detikcom @detikfinance Jadi pengin liat laporan keuangan bpjs gmn
zea_mays07,2019-09-02 11:07:35,"@MuhdorNwk @Nerazzurri_Ale Males kebanyakan drama,"
zea_mays07,2019-09-02 10:56:40,@Nerazzurri_Ale Minggat sono.
zea_mays07,2019-09-01 05:06:59,"@viddyacr @nauval_12 @Nerazzurri_Ale Belfodil sudah dateng n ikut berlatih bareng Tim juga, cuma mungkin mental nya blm bagus jd ga dipermanenkan"
zea_mays07,2019-08-31 05:39:59,@FNTV__ Semoga beneran jd el nino bukan Nina bobo
zea_mays07,2019-08-31 02:04:53,"@Orezh Iya gari di kembangna sitik. secara cerita juga wis apik, apa maning neng joko Anwar diwei bumbu horror."
zea_mays07,2019-08-31 01:59:01,"@FNTV__ Kasih lah ke juve, gpp ga dituker dybala, tuker pjanic aja. Drpd bikin rusuh di inter. Trus pas main ketemu inter, sliding smp cedera 1th"
zea_mays07,2019-08-30 15:29:09,@Orezh Tempo pas lagi tarung kurang cepet setitik apa yah?
zea_mays07,2019-08-29 03:04:27,"@RozyKurniawan @FNTV__ masih penasaran sm musim lalu kenapa ga bisa lolos, klo bisa di ulang musim ini, optimis bisa lolos harusnya"
zea_mays07,2019-08-29 01:56:21,"@FNTV__ barca, tothenham, inter, lokomotiv."
zea_mays07,2019-08-15 08:14:03,@BadmintonTalk Ga ada chan/goh tetep aja lemah
zea_mays07,2019-08-14 07:29:37,@ShopeeCare @Cristiano Semoga dapat iPhone x #ShopeeAdaRonaldo
zea_mays07,2019-08-11 13:46:55,@errywr Bakule lancang
zea_mays07,2019-08-07 23:31:22,@FansNerazzurri Lanjut dybala sekalian bisa kali
zea_mays07,2019-08-07 15:19:11,@Nerazzurri_Ale Lanjut dzeko trus dybala
zea_mays07,2019-07-29 11:48:14,@FansNerazzurri Insigne
zea_mays07,2019-07-20 22:18:33,@IntanYuliSetia Berdamailah dgn diri sendiri
zea_mays07,2019-07-16 23:45:40,@Orezh Suwun coy
zea_mays07,2019-07-16 11:55:00,@Rundhiana_Acenk @CAKfour Udah kallah
zea_mays07,2019-07-14 06:40:37,@FansNerazzurri Moise Kean ?? Mending pinamonti
zea_mays07,2019-07-08 14:17:35,@FansNerazzurri Bastoni ga ada yah?? Kemana?
zea_mays07,2019-07-08 14:17:02,@Nerazzurri_Ale Bisa bisa dalberto Carlos jd bek kiri terbaik musim depan
zea_mays07,2019-07-02 12:46:23,@BKNgoid Anak baru min @BKNgoid ga usah ditanggapi
zea_mays07,2019-06-21 06:12:48,"@InterClubIndo @abenk_belozoglu @Inter_id Beneran bang, dulu waktu inter vs juve, taribo west dikerjain sm Edgar davids terus, tapi ga pernah dpt pelanggaran dr wasit. Akhirnya bikin cinta sm inter"
zea_mays07,2019-06-18 00:08:44,@Orezh Kiye anu sing njagong neng kursi apa sing neng tribun ??
zea_mays07,2019-06-17 14:27:52,@SonoraFM92 @kompascom @jacobuskalao Masukin aja SN ke nusa kambangan. Kelamaan klo bikin baru lagi.
zea_mays07,2019-06-10 04:40:08,@MeyMojang Setubuh eh setuju
zea_mays07,2019-04-29 08:09:18,@kemsoy Njirr tp esih pantes dadi maba
zea_mays07,2019-04-12 15:17:27,@persebayaupdate Tuku kiper asing jol
zea_mays07,2019-03-18 10:19:09,@FNMEDIA_ Angkut semua
zea_mays07,2019-02-18 01:58:49,@DwiDesi11 Cium aja pasti berhenti ngomongnya
zea_mays07,2019-02-08 10:35:44,@detikcom Semoga ahok bs jd ketua umum pdip. Biar bisa bersihin partai itu
zea_mays07,2019-02-07 10:38:37,"@yenny_internona Itu motor Mba nya kak, makanya Mba nya nangis."
zea_mays07,2019-02-07 06:11:55,@pandji Itu motor cewe nya kali
zea_mays07,2019-02-02 10:49:30,@Orezh Aku penasaran cerita dari awalnya si penumpang naik
zea_mays07,2019-02-01 11:06:47,@GOAL_ID Yg Kaya gini biasanya besok ada pengumuman pelatih baru
zea_mays07,2019-01-31 04:45:51,@IntanYuliSetia Yg penting lulus diwaktu yg tepat
zea_mays07,2019-01-30 22:34:02,@GOAL_ID Masa hasil penggeledahan diungkap ke publik. Ini kan bagian dr penyelidikan. Diungkap nanti di pengadian.
zea_mays07,2019-01-30 12:10:20,@Inter_id Ini inter ga tertarik rekrut Memphis Depay ??
zea_mays07,2019-01-28 06:14:54,@GOAL_ID Ini gada yg lain yg bs diwawancara??
zea_mays07,2019-01-28 06:12:20,@IntanYuliSetia Pasti ini rangga
zea_mays07,2019-01-27 06:27:50,@IntanYuliSetia Ea ea ea...makasih
zea_mays07,2019-01-24 05:36:21,@GOAL_ID Yg untung atletiko. Pasti tajam lagi morata
zea_mays07,2019-01-24 05:29:22,@IntanYuliSetia @sayekaeka94 Eko
zea_mays07,2019-01-21 10:02:58,@Bolanet Baru niat kali
zea_mays07,2019-01-21 09:59:38,@GOAL_ID Basi...lagu lama
zea_mays07,2019-01-20 22:22:36,"@KompasBola @kompascom Mau bikin apapun juga percuma, Karena kepercayaannya masyarakat Indonesia sudah tidak ada. Kecuali itu orang2 mundur semua, ganti yang baru"
zea_mays07,2019-01-20 15:20:33,@IntanYuliSetia Sini aku dukung
zea_mays07,2019-01-20 09:58:40,"@kompascom Terserah bapak aja, kan bapak ketuanya"
zea_mays07,2019-01-20 09:54:42,@KompasBola @kompascom Cie..akhirnya ga dibelakang layar lagi
zea_mays07,2019-01-03 12:02:50,@panditfootball Klub di Indonesia blm bisa nerapin jual beli pemain kenapa ya min? Kan lumayan buat pendapatan klub.
zea_mays07,2018-09-24 09:57:32,"@MataNajwa Tanya pake bahasa sunda, jawab pake bahasa minang. Terus gitu sampe bahasa daerah di indonesia abis digunakan"
zea_mays07,2018-09-02 00:53:58,Saya tidak sabar untuk menyaksikan penampilan #GIGI di panggung penuh bintang dalam #ClosingCeremonyAsianGames2018! Bagaimana dengan kalian? #AsianGames2018 #AsianGames #EnergyOfAsia
zea_mays07,2018-08-26 09:41:24,@BP3TKISMG Minta modalnya bisa??
zea_mays07,2018-08-24 01:15:54,"@FansNerazzurri Madrid, MU, valencia, inter"
zea_mays07,2018-08-11 03:32:34,Cek
zea_mays07,2018-07-29 02:14:49,https://t.co/WbaiM5Nc7U
zea_mays07,2018-07-26 10:19:56,@IntanYuliSetia Menikah 5juta cukup koh
zea_mays07,2018-07-04 23:28:31,@kbrikualalumpur @Kemlu_RI @yusron_dc @jokowi @antarakldotcom @purbayanto @agusjurnalis @prayitno_herman @PPI_Malaysia @gusparis @ikhwan_sjt @DPDRI @DPR_RI @BNP2TKI_ Asal mana aja itu tki-b nya?
zea_mays07,2018-06-27 00:18:19,"@detikcom Gimana mau gunakan hak pilih, libur cuma 1 hari di tengah tengah. Kami kami yg perantauan jelas ga bs mudik. Dan otomatis golput. Mungkin kpu bs mempertimbangkan hari lain buat nyoblos kedepannya"
zea_mays07,2018-06-13 11:40:04,"Karena ketololan manajemen madrid, spanyol harus ganti pelatih sebelum world cup dimulai"
zea_mays07,2018-06-13 03:28:31,Hari ini rasanya santai banget apalagi sambil dengerin #KpopAcoustics di @SpotifyID. Kalau mood kamu hari ini gimana?
zea_mays07,2018-05-29 21:08:45,@IntanYuliSetia Gada aku sih
zea_mays07,2018-04-29 00:18:41,@vaLentfun21 @IntanYuliSetia Halo kakak idola
zea_mays07,2018-04-29 00:17:32,@Inter_id Palelu peang coach...
zea_mays07,2018-04-28 20:46:51,Kecepetan narik rafinha dan icardi
zea_mays07,2018-04-28 12:59:55,@dr_tompi Tp itu peter parker di luar angkasa ga pake tabung oksigen kok bisa hidup ya dok?
zea_mays07,2018-04-25 07:02:17,ini orang pada mau mediasi apa ngotot ngototan sih???
zea_mays07,2018-04-22 08:51:08,"@myXLCare Trm ksh min, skrg sudah mendingan"
zea_mays07,2018-04-22 06:12:09,Halo @myXLCare kenapa paket internet saya tdk bs dipake. Padahal baru beli dan sudah registrasi
zea_mays07,2018-04-22 05:58:34,Halo @myXL kenapa paketan internet tidak bs update twitter n IG padahal baru beli n sudah registrasi
zea_mays07,2018-04-16 02:18:49,@BP3TKI_Serang halo kakak...
zea_mays07,2018-04-07 13:52:20,@ICI_Mataram Min klo nobar biasanya dimana?
zea_mays07,2018-04-07 12:04:26,"@InterClubIndo min mau tanya, ada kontak ici mataram ga?"
zea_mays07,2018-03-13 14:14:39,"Di ntb, fahri hamzah itu sangat dipuja puja"
zea_mays07,2018-03-06 08:35:50,"Wings Air dari denpasar ke lombok yg harus nya brngkt jam 10.50wita delay sd jam16.50 dan delay lg sd jam17.10. Dah kaya angkot, berangkat nunggu full"
zea_mays07,2018-02-27 04:21:07,@Nerazzurri_Ale Ambil
zea_mays07,2018-02-26 00:49:14,"Milan tambah ngeri, semoga inter makin termotivasi."
zea_mays07,2018-02-19 13:02:17,@nourmalia_dara Mungkin udah saat nya manggil diego simeone
zea_mays07,2018-02-14 12:11:21,"@GOAL_ID Ini bali utd kmrn baru main, skrg main lagi? Gila"
zea_mays07,2018-02-11 14:40:25,Palacioooo
zea_mays07,2018-02-08 13:24:24,@Nerazzurri_Ale Mau nyelesein penjualan saham ke pengusaha asal milan
zea_mays07,2018-02-08 13:01:36,@Nerazzurri_Ale Icardi tukar isco+asensiao
zea_mays07,2018-02-02 13:18:09,@ipinspooky @Nerazzurri_Ale Nunggu bikin rusuh ruang ganti baru jual
zea_mays07,2018-02-02 11:36:02,"@Nerazzurri_Ale Jual icardi perisic sm brozovic,"
zea_mays07,2018-01-25 09:34:38,@iniPurwokerto Anu kepriwe kuwe?
zea_mays07,2018-01-24 13:38:06,@Nerazzurri_Ale Pastore+cavani+duit =icardi gpp lah
zea_mays07,2018-01-20 16:23:47,"Edin dzeko ke chelsea, harusnya inter bisa segel minimal posisi 3"
zea_mays07,2018-01-20 04:57:47,@Nerazzurri_Ale Elek tp blagu. Banyak gaya
zea_mays07,2017-12-25 23:16:07,@pandji Kok adegan hulusi lamar sabina ga ada bang??
zea_mays07,2017-12-17 01:11:00,@BJabodetabek @Rundhiana_Acenk Maju terus pantang mundur
zea_mays07,2017-12-15 16:53:42,@Orezh Banget
zea_mays07,2017-12-12 22:46:13,@Nerazzurri_Ale Lord naga jadi pahlawan
zea_mays07,2017-12-03 15:47:46,"Luar biasa, milan berhasil menahan imbang benvenuto"
zea_mays07,2017-11-16 14:35:35,"@Rundhiana_Acenk Mobilnya Setnov nabrak tiang, yg dipenjara tiang nya"
zea_mays07,2017-11-08 15:39:33,@kompascom Sekalian aja selamanya
zea_mays07,2017-11-07 06:08:46,@happyeka Sidney
zea_mays07,2017-11-03 10:35:47,Kalah trus mogok apa kuwe ?? @williabi
zea_mays07,2017-10-28 03:57:26,@Nerazzurri_Ale @CalcioFinanza Di translate ke inggris atau indonesia bisa ga min biar paham bacanya
zea_mays07,2017-09-24 14:49:21,"Gara gara icardi sok sokan ganti warna rambut sih, jd berubah keberuntungan ya"
zea_mays07,2017-09-03 11:44:35,@rahmiiaziz Gws mi
zea_mays07,2017-08-31 10:37:37,Trio terbaik saat ini neymar-gabriel jesus-coutinho atau dybala-icardi-messi ??
zea_mays07,2017-08-26 13:35:07,Permainan yang luar biasa dr timnas indonesia
zea_mays07,2017-08-25 14:16:45,@Nerazzurri_Ale Cie trio belanda
zea_mays07,2017-08-10 11:09:35,@kompascom maaf min @kompascom mau tanya. dl pernah baca kalau masuk ke istana wajib pake batik/kemeja dan celana panjang kain. Apa aturan dah ganti??
zea_mays07,2017-08-08 15:22:51,Tayangan mata najwa akhir akhir ini kan emang terlalu banyak settingan n pesanan. Sudah tidak sesuai dgn idealisme najwa shihab.
zea_mays07,2017-08-08 07:49:09,@Nerazzurri_Ale Lord jonathan
zea_mays07,2017-08-02 12:44:02,Semoga neymar jd pindah
zea_mays07,2017-07-29 13:26:00,Itu si barbosa ngapain aja sih ??
zea_mays07,2017-07-29 13:14:18,Keren gol nya kondogbia
zea_mays07,2017-07-29 12:30:10,Udah lumayan bagus mainnya. Moga konsisten ya inter
zea_mays07,2017-07-27 13:33:13,Kalau liat mainnya inter tadi pas lawan munchen. Klo cuma target liga champion sih optimis. Tinggal posisi bek kiri yg blm optimal
zea_mays07,2017-07-23 13:26:33,Ini kalo indonesia kalah ada #luismilaout ga?
zea_mays07,2017-07-23 03:22:18,Liat stiker chelsea skrg jadi inget dulu waktu chelsea beli drogba sm shevchenko. Semoga morata ga memble seperti sheva.
zea_mays07,2017-07-22 06:39:42,Mentang mentang mau kedatangan neymar sm alexis. Angkuta aja dah ke inter itu 3 org https://t.co/pf7YT8ODPn
zea_mays07,2017-07-21 13:34:19,@nenspotter Adu penalty ga sih ??
zea_mays07,2017-07-21 08:34:14,@FansNerazzurri Artine apa min @FansNerazzurri
zea_mays07,2017-07-19 10:00:34,Ini timnas kok mainnya kaya gitu??
zea_mays07,2017-07-17 23:55:56,"Mantau twitter cuma buat update berita transfer inter. Ya meski ga semewah tetangga, tp tetep yakin hasil akhirnya lbh baik dr th lalu"
zea_mays07,2017-07-17 07:33:39,Bener bener lg bikin master league https://t.co/DqUpFTmmJs
zea_mays07,2017-07-14 13:24:20,"Rada iri juga sih, si milan bs dapetin bek macam bonuci"
zea_mays07,2017-07-13 03:19:34,@kompascom No punggung 9 arsenal yg hebat siapa sih ?? Anelka atau siapa min ?
zea_mays07,2017-07-12 07:06:21,@nenspotter Lah gmn lagi. Padahal sangu dah ngumpulin dr lama. Drpd nyong dipecat gawean
zea_mays07,2017-07-12 05:45:17,@nenspotter Dirimu gmn??
zea_mays07,2017-07-12 05:36:57,@nenspotter Sepertinya tidak. Cuti tdk di acc. Posisi akhir bulan jd susah
zea_mays07,2017-07-12 00:52:44,Dapet berapa persen itu orang dari kenaikan gaji donnarumma yg sekarang menembus 6juta euro permusim ??
zea_mays07,2017-07-12 00:51:55,"Dan sekali lagi, dengan perpanjangan kontrak donnarumma di milan, membuktikan bahwa Mino Raiola itu emang super agen."
zea_mays07,2017-07-09 08:39:14,Jadi sopir gojek kayanya seru yah. Lumayan buat tambahan
zea_mays07,2017-07-05 09:37:54,[Full Movie] Filosofi Kopi Special Episode: The Goodwill Kopi posong....mantap https://t.co/b35Il0btrw
zea_mays07,2017-06-30 11:28:54,"Sepertinya perisic out, dimaria in"
zea_mays07,2017-06-15 14:42:00,Indonesia open tahun ini keren. Unggulan pada gugur
zea_mays07,2017-06-14 04:46:27,Makin tertarik mengikuti cara qatar bisa survive dr embargo saudi dkk.
zea_mays07,2017-06-11 12:42:09,Rossi posisi berapa ??
zea_mays07,2017-06-08 15:23:24,Ini timnas u16 mainnya sangar.
zea_mays07,2017-06-07 10:35:11,Beberapa minggu setelah trump ke saudi. Eh tau tau saudi mengucilkan qatar.
zea_mays07,2017-06-05 00:40:52,Ada beberapa screen di film wonder woman yang nunjukin klo si gal gadot itu cantiknya keterlaluan
zea_mays07,2017-06-03 20:41:42,Sejarah baru tercipta di liga champion. Real madrid berhasil back to back
zea_mays07,2017-06-03 20:08:49,Kebanyakan drama guling guling sih jd lupa pertahanan
zea_mays07,2017-06-03 19:59:07,Ini wasitnya gampang bgt kasih kartu buat pemain madrid.
zea_mays07,2017-05-31 21:04:43,"@yenny_internona 1 juni hari lahirnya pancasila teh, klo kesaktian pancasila 1 oktober. Kayanya gitu sih."
zea_mays07,2017-05-31 14:51:19,Sepertinya inter musim depan bakal dilatih luciano spaleti
zea_mays07,2017-05-31 14:50:10,@Orezh Ganti thohir bae
zea_mays07,2017-05-31 14:34:12,1. Ketuhanan yang maha esa 2. Kemanusiaan yg adil dan beradab 3. Persatuan indonesia.
zea_mays07,2017-05-31 14:29:41,Coba yg #SayaIndonesiaSayaPancasila apal ga pancasila dr sila 1 smp 5
zea_mays07,2017-05-28 14:51:36,Kadang heran sama anggota suatu komunitas yg dr pagi smp malem dia lagi dia lagi yg nge chat di grup itu?? Apa ga punya kegiatan lain??
zea_mays07,2017-05-27 20:25:20,"Ramsey ngegolin, pesohor mana lagi nih yg bakal meninggal??"
zea_mays07,2017-05-27 10:21:26,@itsnansti Wkwkwkwk...iyah kelupaan yg ini
zea_mays07,2017-05-27 10:19:40,Tiada yg lebih mengerti hari ini selain #kolak dan #Takjil
zea_mays07,2017-05-21 15:52:26,Fix liverpool tampil lagi di ucl
zea_mays07,2017-05-17 14:15:35,Baru nyobain pake 3 dan ternyata di tempatku lbh baik drpd indosat.
zea_mays07,2017-05-10 13:14:53,Nyong setuju karo rika pak https://t.co/MsuDnhs5Kh
zea_mays07,2017-05-09 22:48:32,@Orezh Butuh pelatih berkarakter kaya diego simeone. Kebijakan transfer manajemen jg patut dipertanyakan.
zea_mays07,2017-05-08 09:05:12,Bocah cilik bisa kaya kuwe yah https://t.co/MLSL7YfW1v
zea_mays07,2017-05-08 08:07:01,Baru update konpres dr pak wiranto. HTI dibubarkan
zea_mays07,2017-05-08 05:40:19,@Orezh Apamaning dadi interisti
zea_mays07,2017-05-07 14:32:15,Minggu yg berat setelah rossi posisi 6. Satria Muda kalah dan inter mainnya jelek bgt
zea_mays07,2017-05-03 04:12:52,@nenspotter Aman 5jt diluar tiket
zea_mays07,2017-05-03 03:57:41,@nenspotter Sepertinya cuma yg vs munchen. Tp lg nunggu acc cuti si bos nih
zea_mays07,2017-03-27 23:24:55,"@FrydaReica alumni komunikasi, mahasiswanya pak edi. Di bms ngadain juga di gor kok. Hampir tiap kota ngadain malah"
zea_mays07,2017-03-27 09:32:00,https://t.co/Wk3SsHUA8Q
zea_mays07,2017-03-27 06:19:49,@FrydaReica @santosoedi jd inget jaman kul. sebenarnya hari minggu kmrn ada acara wwim15 acara tahunannya ig. Ada yg ngangkat ttg itu kah ??
zea_mays07,2017-03-22 09:56:19,@onestopfootball ronaldinho
zea_mays07,2017-03-16 08:40:34,@InterClubIndo adain tour ke sana min
zea_mays07,2017-03-10 06:21:13,Mirip kaya wasit yang itu https://t.co/zdV0CWbuVC
zea_mays07,2017-03-09 08:25:55,Pengen banget #LiburanKeSingapore. Kalau kamu mau kemana? #BNIatGATF https://t.co/VzUmZbMRAx
zea_mays07,2017-03-09 04:53:49,@williabi kuwe penalty loro ora sah
zea_mays07,2017-02-28 22:37:51,"Sekalian nonton yang sultan, klo menurutku lebih bagus. https://t.co/WMvvFfEuQV"
zea_mays07,2017-02-28 01:20:13,Ini leicester bangke juga yah.... ranieri pergi malah bantai liverpool. Kaya chelsea di jaman mourinho
zea_mays07,2017-02-23 08:20:47,Bukannya di indonesia semua dipanggil bos yah https://t.co/EFPAMa4iTl
zea_mays07,2017-02-22 00:13:05,"Radamel falcao yg sangat berbeda saat di MU dan Monaco. Seperti torres yg terlahir kembali, seperti itu yg terjadi pd falcao saat ini"
zea_mays07,2017-01-28 11:40:52,Pengen banget #ToyotaFortuner. Kalau kamu mau hadiah apa ? #RejekiBNITaplus #BNITaplus https://t.co/jiIOVYpxYV
zea_mays07,2017-01-18 00:04:22,@vie_ckaaa
zea_mays07,2017-01-15 01:18:35,"@nenspotter bukan nunggu cedera, tp nunggu menang besar dulu baru dimasukin si gabigol"
zea_mays07,2017-01-15 01:15:29,@nenspotter susah buat geser perisic sm candreva
zea_mays07,2017-01-08 09:57:37,Ini kenapa signal @IndosatCare kalo hujan ilang sih. Ga cuma data tp buat telpon n sms jg ga bisa
zea_mays07,2016-12-30 22:35:10,Saya mau #emoney 100rb sebagai #hadiahmandiri. Kalau kamu mau hadiah apa? https://t.co/M8gqSS4haX https://t.co/blxAYmt9Kc
zea_mays07,2016-12-16 23:17:13,Kalau aku ingin #ToyotaFortuner. Kalau kamu mau hadiah apa ? #RejekiBNITaplus #BNITaplus https://t.co/6F9i5usvcA
zea_mays07,2016-12-07 14:36:47,"Selamat indoesia masuk final, Tapi ingat...final sudah biasa, juara yg blm pernah"
zea_mays07,2016-12-07 14:17:21,Wasite kutukupret
zea_mays07,2016-12-07 13:57:39,Vietnam ngefoor kiye tah
zea_mays07,2016-11-28 20:57:52,"Yg penting konsisten, jgn kaya europa league kmrn https://t.co/dgr3tmgoxx"
zea_mays07,2016-11-28 20:56:18,Udah unggul 2 gol awas aja klo kalah lagi
zea_mays07,2016-10-27 03:15:08,@agabernyanyi @CHEERSNEP @hyndiaID Sama sama mas @agabernyanyi @hyndiaID kalian jg keren abis manggungnya
zea_mays07,2016-10-14 13:16:44,Tp ending nya kurang greget mas @ipphoright https://t.co/DyrrELCMnJ
zea_mays07,2016-10-08 04:48:14,@fafadila kabar baik kayanya. Mau pensiun bentar lg
zea_mays07,2016-10-08 04:03:51,Mom sri itu bu sri pang??? @fafadila https://t.co/fPNYfNvJhm
zea_mays07,2016-09-18 17:55:34,@nenspotter yg penting ga kebobolan lg
zea_mays07,2016-09-18 17:54:27,@nenspotter ntar pogba main
zea_mays07,2016-06-22 13:16:17,@Haerlina @nenspotter apa kiye rajawali ?? Lg pd di pwt kah
zea_mays07,2016-06-19 01:07:14,Terima kasih bandung untuk 5 harinya. Sampai jumpa lagi bulan depan.
zea_mays07,2016-06-06 01:24:24,"Puasa itu intinya nunggu adzan maghrib. Sambil nunggu adzan jangan lupa hati, pikiran dan mulutâ€¦ https://t.co/CZwQnkTZuC"
zea_mays07,2016-06-04 12:11:39,Ini liburanku. Cuma modal kaki yang kuat untuk berjalan. #holiday #liburan #instagramâ€¦ https://t.co/luAQJJVsBf
zea_mays07,2016-06-04 12:03:37,Memandangi gagahnya gunung slamet dari kejauhan. Menikmati indahnya lukisan tuhan Karenaâ€¦ https://t.co/tUGQSH1pF8
zea_mays07,2016-05-31 23:35:21,"Di inggris, drinkwater out, wilshare in. Sedang di jerman, marco reus out. Yg dicoret ini adlh pemain yg tampilâ€¦ â€” https://t.co/YyVFWetkwz"
zea_mays07,2016-05-25 05:53:43,Begalan bni46 #7w0nderful #70TahunBNI #BNI46 #BNIKembangkanNegeri #iPhonesia #BNI_Culture https://t.co/xqp6BU8kCH
zea_mays07,2016-05-16 07:11:41,Grazie @Chivu_Official. Thanks for coming to indonesia #interclubindonesia #forzainterâ€¦ https://t.co/oQVRmUT6Lr
zea_mays07,2016-05-07 13:08:17,@metrotv_dev blm ada email min
zea_mays07,2016-05-07 12:48:08,@metrotv_dev aku blm dpt email konfirmasi min. Emailnya zea_mays1986@yahoo.com
zea_mays07,2016-04-06 23:12:11,Salah satu berita yg bikin bete pagi ini adalah kemungkinan milan dapetin kovacik dr madrid. Bakal jd pirlo selanjutnya nih.
zea_mays07,2016-03-30 12:52:52,Belum sampe puncak dah keburu maghrib. Berhubung ga bawaâ€¦ https://t.co/sTimNNOBNO
zea_mays07,2016-03-26 06:53:36,Kompleks pipa saluran air PLTA Ketenger. Kalipagu Baturraden https://t.co/2WVRn4ReJd
zea_mays07,2016-03-22 02:04:43,Mantap....bisa nih traveling ke toba https://t.co/a0l2lWaPAq
zea_mays07,2016-03-20 23:19:44,"Keindahan dan kesejukan pagi, tak akan mampu mengalahkan kehangatanâ€¦ https://t.co/mLvrvJZTRS"
zea_mays07,2016-03-20 01:10:18,Menikmati lukisan tuhan di pagi hari #jogja @ Student Park Hotelâ€¦ https://t.co/9kYvKP45ck
zea_mays07,2016-03-20 01:06:28,A view from rooftop #jogja @ Student Park Hotel Apartment https://t.co/fDgAs0Os8c
zea_mays07,2016-03-20 01:04:52,#jogja #bankwoorisaudaraindonesia @ Student Park Hotel Apartment https://t.co/HgOSHmF9IC
zea_mays07,2016-03-20 01:01:57,Menunggu matahari yg tak kunjung terbit. Sambil menikmati sejuknyaâ€¦ https://t.co/1GqX73esol
zea_mays07,2016-03-19 14:59:16,Menikmati pagi yg sejuk dari sudut yg berbeda @ Student Park Hotelâ€¦ https://t.co/PpaOczsWQj
zea_mays07,2016-03-19 14:57:42,Menikmati pagi @ Student Park Hotel Apartment https://t.co/ocDjGueBEh
zea_mays07,2016-03-17 12:45:13,@EvyHanapiah semangattt
zea_mays07,2016-03-15 12:12:13,Sepenggal kisah saat menikmati malamnya jogja https://t.co/wdto6bKyvo
zea_mays07,2016-03-15 12:11:03,Sepenggal cerita dari menikmati malamnya jogja. https://t.co/iA2209vSM4
zea_mays07,2016-03-15 11:57:31,Karena hidup itu tentang bersyukur. https://t.co/kOwA8sqq43
zea_mays07,2016-03-09 12:55:37,Foto ini diambil dari dlm kereta api logawa. Lokasi deket stasiun kroya https://t.co/lOLsZ91vwz
zea_mays07,2016-03-06 12:55:49,Menurut @KartuPos knp pelayanan lion air n malindo air beda bgt. Padahal 1 manajemen? #cuma_tanya
zea_mays07,2016-03-01 12:39:49,"Yg tengah kaya ariel itu boz ku. Orang nya jahil bgt, kadangâ€¦ https://t.co/AFBJAX2MLW"
zea_mays07,2016-02-27 03:09:46,Padahal cuma bangunan kaya gini. Plus penataan tanaman yg bagus. Tpâ€¦ https://t.co/3c7eZAVv8m
zea_mays07,2016-02-26 21:57:29,Menikmati salah satu sunset terbaik. #pangandaran #sunset https://t.co/sqlGNmjrhO
zea_mays07,2016-02-26 21:53:06,Pangandaran; salah satu tempat terbaik untuk menikmati sunset https://t.co/XAGBs4WIcI
zea_mays07,2016-02-26 08:35:51,Terima kasih @WegoID selamat juga buat yang lain https://t.co/NL9Jn80EI9
zea_mays07,2016-02-25 04:59:49,Edensor; mimpi itu kekuatan n semangat. Pengin buktiin Anak desa juga bisa keliling eropa #WegoHangout
zea_mays07,2016-02-18 23:40:08,Gpp dr pada kalah lawan tim yg statusnya baru terdengar https://t.co/QNOornGwqC
zea_mays07,2016-02-17 08:13:43,Gmn pendapat sampeyan mbah? @sudjiwotedjo https://t.co/oD31FiZdb9
zea_mays07,2016-02-14 13:59:44,Lulusan akademi city. Itu seangkatan sm joe hart. Klo dia orang inggris pasti ga bakal dijual. https://t.co/t0hLnPvSoO
zea_mays07,2016-02-14 13:05:30,@plesetanbola ples lu doyan main master league di ps kan? Tau c.fuchs ga? https://t.co/CcokCjvRMy
zea_mays07,2016-02-14 13:04:17,Klo yg doyan main master league di PS. Pasti tau siapa c.fuchs. #ARSvsLCFC
zea_mays07,2016-02-14 13:02:55,Jd inter mau beli drinkwater. https://t.co/2QqRctfmLK
zea_mays07,2015-11-03 03:46:12,Free Clash of Clans gems for everybody! https://t.co/kK2AFNeJQz
zea_mays07,2015-10-18 07:06:47,@Bolanet
zea_mays07,2015-10-15 09:41:32,Belajar geografi dl woy https://t.co/QuAOcTOyU2
zea_mays07,2015-09-29 23:16:33,Klo pensiun iker jd legenda madrid apa porto ?? https://t.co/XuFbSqwANP
zea_mays07,2015-09-29 13:17:58,Apalagi siti. https://t.co/IMemx3cZaJ
zea_mays07,2015-09-27 14:53:06,@Inter vs fiorentina cc. @InterClubIndo http://t.co/U0Dgg7iws4
zea_mays07,2015-09-16 01:19:17,"""Yuk menangin tiket domestik pp pilihanmu unduh #IndonesiaFlightApp di http://t.co/gfyay1AYny&amp; Follow @KartuPos !"" http://t.co/WrF2xq15ru"
zea_mays07,2015-09-04 01:18:27,@itsnansti ya mesti. Kemutan dewek ganu mbok. Mlebu nek wis mepet
zea_mays07,2015-09-04 01:13:50,@itsnansti koe sing kegasiken
zea_mays07,2015-09-03 13:43:51,Saya mau tiket pp gratis ke mana saja di indonesia dari @KartuPos @ticksolutions #IndonesiaFligt http://t.co/lIeDpaLHNq
zea_mays07,2015-09-02 09:33:30,http://t.co/ppsiSZjtci.
zea_mays07,2015-09-01 23:01:09,Ini yg bikin manajemen arsenal pertahanin wenger meski gagal jd juara epl https://t.co/dlt7qh3qoy
zea_mays07,2015-08-31 22:47:22,Saya mau tiket gratis pp ke mana saja di indonesia dari @KartuPos @ticksolutions #IndonesiaFlightApp http://t.co/nrQGbbNETq
zea_mays07,2015-08-31 14:06:36,@KartuPos indonesia ga cuma bali min. Lombok juga bagus http://t.co/MVgKntIXGX
zea_mays07,2015-08-31 13:53:37,@KartuPos ayo kita terbang ke pulau dewata http://t.co/U3Yk9El3vj
zea_mays07,2015-08-28 13:05:45,Juaranya tetep sevila ples https://t.co/4gEn52GDQW
zea_mays07,2015-08-23 09:42:53,"Orang gembrot katanya susah ""nganu"" ples. Jadinya mandul https://t.co/NFXoNyxW1W"
zea_mays07,2015-08-23 05:11:41,@EvyHanapiah begonoh begindang
zea_mays07,2015-07-16 09:20:05,@Orezh hahaha...berarti bada ne sing maju. Matur nuwun doa ne
zea_mays07,2015-07-09 15:06:30,@indahsari_DF saiki tek tembak
zea_mays07,2015-06-01 14:35:45,"@InterClubIndo ranochia, jonatan, kuzmanovic. #jual"
zea_mays07,2015-05-16 11:29:39,Munas cuk https://t.co/4uQfU4ktay
zea_mays07,2015-05-09 13:37:00,@ayalaras ga ada yg lbh menyakitkan selain membuang2 waktu bersama org yg salah. Lebih baik sakit sebentar diomong org drpd sakit selamanya
zea_mays07,2015-05-03 14:36:18,@MeyMojang emang yg bisnisnya knp??ban nya kempes yah
zea_mays07,2015-05-03 14:33:22,@MeyMojang cie cie...yg naik executive
zea_mays07,2015-04-22 09:06:16,@putikkhakha kerjaannya ngapain aja tuh
zea_mays07,2015-04-22 09:06:00,@putikkhakha ouw...sorry im bad in english
zea_mays07,2015-04-22 09:02:49,@putikkhakha klo yg satu lagi asuransi apa yah??
zea_mays07,2015-04-22 09:02:17,@putikkhakha @zea_mays07
zea_mays07,2015-04-22 08:49:28,@putikkhakha Xingqu Indonesia itu perusahaan bergerak dibidang apa??
zea_mays07,2015-04-22 08:38:11,@putikkhakha nama kantornya apa?? ada lowker ga disono pengin cari suasana baru nih
zea_mays07,2015-04-22 08:32:08,@putikkhakha kerja dimana emangnya?? wah dah jadi orang kantoran nih
zea_mays07,2015-04-22 08:29:24,@putikkhakha sibuk apa sekarang neng??
zea_mays07,2015-04-12 14:45:26,Baru saja mengirim foto https://t.co/d0lxNsL46O
zea_mays07,2015-03-28 05:27:25,Melukis senja pantai pangandaran https://t.co/pZMPD0ccUZ
zea_mays07,2015-03-21 14:48:36,Kecantikan setelah hujan turun https://t.co/MBM6Wn1Ypt
zea_mays07,2015-03-09 08:11:01,With Ary and Syukri [pic] â€” https://t.co/LjsxXG0v0h
zea_mays07,2015-03-09 05:47:53,@putikkhakha sehat neng? Sibuk modeling terus nih
zea_mays07,2015-03-07 13:03:42,Min @ICI_Adventure ini Curug nangga Paradise baru di kec.pekuncen banyumas http://t.co/WaBF4VlPm5
zea_mays07,2015-03-01 06:49:41,@GSI_trans7 edisi m taufik. Jawabannya rhoma irama #TANYAGSI
zea_mays07,2015-02-22 14:58:53,@MeyMojang kerasa apanya?
zea_mays07,2015-02-22 14:18:40,"""@PLESETANBOLA: Jago eksekusi penalty, Kane cocok main di tim itu.... :|"" sebut saja MU"
zea_mays07,2015-02-16 15:50:22,"Ni @PLESETANBOLA Best xi ac parma: buffon, sensini, cannavaro, thuram, junior. Dino baggio, veron, conceicao, almeyda. Chiesa, crespo."
zea_mays07,2015-01-27 08:59:54,nih min @ICI_Adventure masih di kawasan dieng. namanya batu pandang/batu selapan angin. bonus liat telaga warna http://t.co/m2TdeaAzlD
zea_mays07,2015-01-27 08:56:19,@ICI_Adventure kapan kapan mampir. banyak yang bagus bagus
zea_mays07,2015-01-27 08:54:02,@ICI_Adventure iya masih di kawasan dieng
zea_mays07,2015-01-27 08:52:45,min @ICI_Adventure klo mau ke naik ke puncak sikunir bisa camping disini. ranu kumbolo KW 2 #dieng#jateng http://t.co/R2w6kfSiPp
zea_mays07,2015-01-27 08:47:28,min @ICI_Adventure ini curug cipendok di daerah cilongok banyumas jawa tengah #AvventureDiPassione http://t.co/RpBc4syxrN
zea_mays07,2015-01-23 07:55:59,skrg judulnya Jokowi tersandra kepentingan PDIP.Saatnya Jokowi tunjukan klo dia negarawan.pilih jadi petugas partai or petugas negara
zea_mays07,2015-01-23 07:32:44,klo belum tau info yang lengkap dan valid jangan asal ngomong mana yang benar dan mana yang salah. #polriVsKpk
zea_mays07,2015-01-19 06:42:50,@ICI_TANGSEL terima kasih banyak atas bantuannya
zea_mays07,2015-01-19 06:42:24,kawan2 @ICI_TANGSEL minta bantuannya. temenku hilang di tangsel. namanya yudhi 21th 163cm/60kg. (hub.087737026363) http://t.co/FflAa9z3aJ
zea_mays07,2015-01-01 13:21:55,Batu pandang dieng #BlueBlackHoliday @ICI_Adventure http://t.co/AuQEU92mGe
zea_mays07,2014-12-23 10:19:49,"Waktu diskon cuk @sudjiwotedjo: Pas diperpanjang, tak bisa lagi buat nyimpan baju. Apa, Cuk? #Tebakan"""
zea_mays07,2014-12-07 02:47:11,@raradianputry selamat pagi teteh
zea_mays07,2014-12-06 15:00:35,@PLESETANBOLA kira kira balo ngegolin ga om
zea_mays07,2014-11-16 10:57:35,Lg di bandung. Berharap ada yg ngajakin jalan2.
zea_mays07,2014-11-04 23:03:20,"Deadline laporan LBU beres, skrg tinggal input SID BI. Abis itu tinggal ngapalin rute perjalanan buatâ€¦ â€” https://t.co/RZNbKsMGeW"
zea_mays07,2014-10-21 22:23:34,Liga champion woy...masa jd ajang pembantaian. Gila 1malem 40gol
zea_mays07,2014-10-21 09:17:57,Dan hanya yg terbaik yg tetap bertahan. Dia yg paling mengerti dan dia yg punya mimpi yg sama
zea_mays07,2014-10-19 23:33:28,Selamat pak jokowi&amp; jusuf kalla. Semoga acara hari ini lancar. Semoga bs jd pemimpin yg amanah. Bapak berduaâ€¦ â€” https://t.co/S4GHZltZTR
zea_mays07,2014-10-18 01:16:49,Biarlah mengalir apa adanya [pic] â€” https://t.co/ueW50lvcI8
zea_mays07,2014-10-17 00:06:35,"@EvyHanapiah hujan bukan untuk bersedih, tp unt menumbuhkan kehidupan baru"
zea_mays07,2014-10-07 23:31:22,"Presiden vs parlemen, siapa yg diuntungkan? Prediksiku sih pak JK yg akan naik pangkat bentar lg"
zea_mays07,2014-10-06 22:11:25,081284328575. Ni nomor ga tau no sapa jam 1 telpon. Di telpon balik malah songong.
zea_mays07,2014-10-03 13:23:09,Abis nonton ahok di hitam putih. Lanjut nonton abraham samad di kick andy. #tontonan berkualitas dibanding mahabarata show
zea_mays07,2014-09-30 00:42:21,Knp hari ini pada pasang bendera 1/2 tiang yah????
zea_mays07,2014-09-27 15:43:03,Fakta 1: Crystal palace 2-0 leicester. Fakta 2: Leicester 5- 3 mu. Kesimpulan Crystal palace lbh hebat dr MU. Bener ga PLESETANBOLA
zea_mays07,2014-09-22 11:06:45,Makan dl boz (at Angkringan Sorjem (Ngisor Jembatan) Stasiun Purwokerto) [pic] â€” https://t.co/zl8Pk7H32Q
zea_mays07,2014-09-17 13:54:30,Now On the spot trans 7 lg bahas golden sunrise nya sikunir. Eh ada purwaceng jg
zea_mays07,2014-09-14 08:28:10,Lupa yg ini blm di upload [pic] â€” https://t.co/r6Kdbmo66x
zea_mays07,2014-09-14 08:21:04,Camping pinggir danau [pic] â€” https://t.co/5WagvsmdqA
zea_mays07,2014-09-14 08:17:43,Malamnya dieng [pic] â€” https://t.co/jcuZMTb4HO
zea_mays07,2014-09-14 08:16:55,Sunrise nya sikunir [pic] â€” https://t.co/l3REjDaJnG
zea_mays07,2014-09-14 08:15:54,Sunrise nya sikunir [pic] â€” https://t.co/bLEwgZiP3j
zea_mays07,2014-09-14 08:06:08,Bukan ranukumbolo [pic] â€” https://t.co/CU48dQX4YD
zea_mays07,2014-09-14 01:18:31,Puncak sikunir td pagi [pic] â€” https://t.co/Plitd5Z4a1
zea_mays07,2014-09-13 12:25:42,Makan dl @wonosobo (at Nasi Uduk Pak Anu Mbuh Sapa Jenenge) â€” https://t.co/pSSbfStm4s
zea_mays07,2014-09-07 10:56:44,Lg ngapa jal? (at Jembatan Kereta Kali Logawa) [pic] â€” https://t.co/QSNYzcPSe4
zea_mays07,2014-09-07 10:53:43,Just posted a photo â€” https://t.co/jkJAEh574X
zea_mays07,2014-09-07 04:47:57,"Mulai bangun tidur liat @anita_mae11 di selamat pagi, siang dikit liat di kiss. Skrg tinggal nungguin di @onestopfootball"
zea_mays07,2014-08-24 11:43:53,Yg suka main coc....ayo ikut gabung ke sini. [pic] â€” https://t.co/ajNyjLiklo
zea_mays07,2014-08-18 21:14:40,Baru renovasi kamar mandi dah bikin tetangga syirik pada stress. Nyetel dangdut keras bgt dr mlm smp pagi.â€¦ â€” https://t.co/x7gjzNwMoY
zea_mays07,2014-07-28 04:37:36,@MeyMojang maaf lahir batin juga. Mulai dari nol lagi yah
zea_mays07,2014-07-24 12:19:17,"@happyeka pada bae, ak jg lg ga nyaman sm diri sendiri"
zea_mays07,2014-07-07 05:47:38,Jika seseorang sudah merasa bangga thd pasangannya. Akankah dia berpikir untuk mencari yang lain?
zea_mays07,2014-07-04 10:07:56,Perbuatan buruk akan tetap bersamamu dan perbuatan baik akan kembali padamu
zea_mays07,2014-06-26 16:14:19,"Jika kau memandang bintang di langit, anggaplah salah satunya itu jiwaku (at Sal_Zone) â€” https://t.co/EbKObE52A4"
zea_mays07,2014-06-23 12:48:49,Germany no.16 is mine [pic] â€” https://t.co/Db4an4Orc3
zea_mays07,2014-06-23 03:36:07,"@detikcom ga main mata, tp main parkir bus"
zea_mays07,2014-06-17 10:55:10,@putikkhakha gimana caranya itu?
zea_mays07,2014-06-16 10:02:19,@Orezh @carissavitri kon nggarap semiotika jal
zea_mays07,2014-06-15 14:58:40,@DjoQj @ItsNuansa dingdong neng sri ratu lantai 3
zea_mays07,2014-06-15 13:35:24,"@EvyHanapiah semoga lahirannya lancar, bayi n ibunya juga sehat."
zea_mays07,2014-06-15 10:10:38,"Hanya segelas kopi yg tak pernah mengeluh, hanya menyebarkan wangi #mariNgopi"
zea_mays07,2014-06-12 14:42:35,Saatnya terlelap untuk pembukaan piala dunia (at Bukan Di Brazil) â€” https://t.co/CVreRM1SAT
zea_mays07,2014-06-11 14:48:08,@curvanord_indo rodrigues siapa min?james rodrigues nya colombia
zea_mays07,2014-06-11 11:30:03,"Ipk tertinggi, wisudanya diantar naik becak sm bapaknya (with Nila, @_aymaharani, and Shally) [pic] â€” https://t.co/IK8BapWXop"
zea_mays07,2014-06-08 12:02:55,@SamueleLongo_9 are you remember when you and inter came to jakarta in may 2012? http://t.co/6d5M4ESUlL
zea_mays07,2014-06-08 05:08:56,Akhir pekan adlh berkah bagi orang orang yg tidak mencintai pekerjaannya. #ngomongKaroAwakeDewek
zea_mays07,2014-06-08 04:34:59,"Pada dasarnya konsep hari libur sabtu minggu itu bisa dihilangkan, dengan catatan pekerjaan yg kita lakukanâ€¦ â€” https://t.co/A8vafSPVJ2"
zea_mays07,2014-06-07 05:27:50,Leren disit ben seger. (at Es Duren Purbalingga) â€” https://t.co/BIdNuv7Crn
zea_mays07,2014-06-05 05:41:46,@faritzaaa @Bolanet yg pasti jadi penyebab cedera ronaldo itu irina
zea_mays07,2014-06-04 08:10:06,"Buat temen2 yg selama ini merasa tersinggung dgn tulisan2 saya. Saya mohon maaf, karena tidak ada maksudâ€¦ â€” https://t.co/gwMf2u3wim"
zea_mays07,2014-06-03 23:23:30,Terkadang sesuatu yg tidak diinginkan itu adalah pemberian terbaik alloh untuk kita. Tp kita sering tidakâ€¦ â€” https://t.co/O6a3jxCHGt
zea_mays07,2014-06-02 19:04:41,"Mengakrabkan diri dgn gelapnya malam (lagi). Karena apapun yg terjadi, malam akan selalu setia mengantarku menuju pagi."
zea_mays07,2014-06-02 15:28:58,"So you sailed away, into a grey sky morning. Now im here to say, love canâ€¦ â™« Best I Ever Had by Vertical Horizon â€” https://t.co/OnF2BvpuXc"
zea_mays07,2014-06-02 13:55:28,Kecerdasan seorang pria hanya bisa diperoleh dari kemampuannya membaca segala kondisi yg ada di sekitarnya.
zea_mays07,2014-06-02 10:38:46,"Pantaskah orang yg banyak dosa, jarang beribadah seperti aku ini berdoa dan memohon kepada alloh saat menginginkan sesuatu????"
zea_mays07,2014-06-01 21:21:23,Tukang ngukuri rel [pic] â€” https://t.co/DwSh7pzAsc
zea_mays07,2014-06-01 21:18:59,Kereta senja [pic] â€” https://t.co/enWAQePvwk
zea_mays07,2014-06-01 21:15:42,Senja [pic] â€” https://t.co/dgGJB8Sz44
zea_mays07,2014-06-01 10:26:13,Just posted a photo â€” https://t.co/zejTftFTZr
zea_mays07,2014-06-01 07:35:37,Sepur [pic] â€” https://t.co/RldZwohvUh
zea_mays07,2014-06-01 07:20:46,Sepur [pic] â€” https://t.co/bIsXM38wFA
zea_mays07,2014-06-01 04:31:15,Sepur [pic] â€” https://t.co/hmXIAmlYCH
zea_mays07,2014-06-01 04:21:15,#SunMor [pic] â€” https://t.co/8TPYtOgoLR
zea_mays07,2014-05-31 15:55:38,Kalo prabowo terbukti melanggar ham....lalu knp bu megawati memilihnya jadi wakil presiden ?????
zea_mays07,2014-05-31 15:47:37,Kamu adalah matahari dan aku adalah hujan. Meski jarang menyapa tapi kita saling memperhatikan. Meski takâ€¦ â€” https://t.co/lcCsMUbvkr
zea_mays07,2014-05-31 02:48:33,Tolong analisis gambar ini pake semiotika yah? Mangsude apa [pic] â€” https://t.co/BfJ3mUbKye
zea_mays07,2014-05-31 00:33:54,Kampret...knp tipi pagi pagi isinya cabe cabean sama terong terongan. Gada yg lbh berkualitas pa?
zea_mays07,2014-05-30 15:10:48,Rating 8.2 coy....nyesel nek ora ntn [pic] â€” https://t.co/XPoCSyhnC2
zea_mays07,2014-05-30 11:43:10,Tentang sebuah perjalanan spiritual dan pendewasaan diri
zea_mays07,2014-05-30 04:43:47,Karena sedekah itu menjaga keselamatan. #renungan jumat.
zea_mays07,2014-05-29 06:34:50,Pilihan mu [pic] â€” https://t.co/A5UXnN84N9
zea_mays07,2014-05-27 13:59:11,#desaku di sisi yg lain [pic] â€” https://t.co/ZMsB2ffEjb
zea_mays07,2014-05-27 13:57:03,Sunrise @desaku dr sisi yg lain [pic] â€” https://t.co/J5sy500NjE
zea_mays07,2014-05-27 13:56:11,#desaku dr sisi lain [pic] â€” https://t.co/7xrsjowofv
zea_mays07,2014-05-27 13:55:43,#desaku dr sisi lain [pic] â€” https://t.co/7ORa37RK8c
zea_mays07,2014-05-27 13:42:34,#desaku dr sisi yg lain [pic] â€” https://t.co/q5vVYiTBGl
zea_mays07,2014-05-27 13:16:54,#desaku dr sisi yg lain [pic] â€” https://t.co/2TOjmuP8pX
zea_mays07,2014-05-27 13:15:36,#desaku dr sisi yg berbeda [pic] â€” https://t.co/l84A9lGech
zea_mays07,2014-05-27 13:14:21,Di sisi lain desaku [pic] â€” https://t.co/Dc6kTDgOiO
zea_mays07,2014-05-24 07:55:15,Just posted a photo â€” https://t.co/PW2k8FAfTl
zea_mays07,2014-05-24 07:54:06,Just posted a photo â€” https://t.co/xryTrv0gDG
zea_mays07,2014-05-24 07:53:34,Just posted a photo â€” https://t.co/ML869O8KW7
zea_mays07,2014-05-18 10:36:15,My Story @PrauMountain http://t.co/qG5x3Mwlmw
zea_mays07,2014-05-18 10:33:41,My Story @PrauMountain http://t.co/3Fez2J4kmM
zea_mays07,2014-05-18 10:30:53,My Story @PrauMountain http://t.co/jIY1lluDX0
zea_mays07,2014-05-18 10:29:29,My Story @PrauMountain http://t.co/zhdFCMbJ98
zea_mays07,2014-05-18 10:27:39,My Story @PrauMountain http://t.co/KS9wAztu0W
zea_mays07,2014-05-18 10:23:34,My Story @PrauMountain http://t.co/V1AnMovVyt
zea_mays07,2014-05-17 08:39:18,Berharap ada penjual kopi di sini
zea_mays07,2014-05-15 01:44:36,@santika. Katanya Workshop ketaspenan.(baca:bagi bagi duit ke org tapen)
zea_mays07,2014-05-14 09:26:14,@Orezh sidane jam pira?
zea_mays07,2014-05-12 10:07:00,@EvyHanapiah bikin strategi jgn cuma 1 tp bikin plan A-z
zea_mays07,2014-05-11 08:55:04,Baru saja mengirim foto http://t.co/MW9BdDLHlC
zea_mays07,2014-05-11 08:53:38,Baru saja mengirim foto http://t.co/Yn1mxhqjKw
zea_mays07,2014-05-11 07:46:34,#pantaiBatuKaras [pic] â€” https://t.co/3H1HjDwPLE
zea_mays07,2014-05-11 07:09:35,#pantaiBatuKaras [pic] â€” https://t.co/cQNMgMDWx7
zea_mays07,2014-05-10 07:36:38,#pantaiBatuKaras http://t.co/9tQL6mMPc5
zea_mays07,2014-05-09 22:28:34,@PLESETANBOLA ga ada admin kaya elu ples #BolaJamanDulu
zea_mays07,2014-05-01 14:53:31,@PLESETANBOLA @Faiz_DA klo ga salah 2002 madrid lawan bayer leverkusen skor 2-1 lwt tendangan gunting zidane
zea_mays07,2014-04-27 10:49:50,Lawang sewu with invisible http://t.co/Jc17caFJkP
zea_mays07,2014-04-27 10:49:35,Lawang sewu http://t.co/rXF7kDheoc
zea_mays07,2014-04-26 07:18:21,Menikmati musik keroncong @stasiunTawang nunggu kamandaka balik ke purwokerto
zea_mays07,2014-04-25 23:59:11,"@EvyHanapiah ngomong opo mba, kulo mboten ngertos"
zea_mays07,2014-04-23 23:36:45,"Bersyukur &amp; sedekah itu tak cuma diucapkan, tp yg penting adl pelaksanaannya."
zea_mays07,2014-04-22 11:33:53,"@Orezh huahahaha..,"
zea_mays07,2014-04-19 15:26:20,"Menang lg, 3point, dan cleansheet #forzaInter"
zea_mays07,2014-04-19 11:34:39,@ICI_Purwokerto ayuh pd mangkat
zea_mays07,2014-04-18 10:28:57,Siluet http://t.co/P0wVTOd5ME
zea_mays07,2014-04-18 10:28:26,Biker siluet http://t.co/8d8DqUWMkx
zea_mays07,2014-04-17 23:07:27,@EvyHanapiah Twitter baru ya v?
zea_mays07,2014-04-17 13:10:56,@Yanti1704 apa karena kita yg terlalu sibuk?
zea_mays07,2014-04-17 12:56:07,Makin sering melewatkan ritual malem jumat. baca surat yasin n kirim fatihah buat ibu
zea_mays07,2014-04-16 22:45:30,"@faritzaaa gareth bale vs neymar, terbukti siapa pembelian terbaik."
zea_mays07,2014-04-16 14:59:41,Tidur mlm ini disponsori oleh suara kodok. #back2nature
zea_mays07,2014-04-15 14:23:34,@aiyuzanetti ouw...emang ada yg namanya mata kaki yah?
zea_mays07,2014-04-15 13:35:25,"@aiyuzanetti ha,ha.haha...,matane mung 2. Lg ntn udan"
zea_mays07,2014-04-15 13:28:33,Makan mlm dulu lah. Laperrrrrrrrr
zea_mays07,2014-04-15 13:08:41,Mau pindahin kontak bb ke Android tp males bgt
zea_mays07,2014-04-08 23:40:53,Ayo nyoblos
zea_mays07,2014-04-06 06:09:21,"Wajah indonesia di 2015 saat perdagangan bebas asean-china dibuka, ditentukan oleh pilihanmu. Hati-hati milih pemimpin n jangan golput"
zea_mays07,2014-04-06 01:41:27,http://t.co/dR4OuokPpJ
zea_mays07,2014-04-04 12:49:49,RT @vie_ckaaa: Ada bapak @Prabowo08 di acara dangdut academy @IndosiarID
zea_mays07,2014-03-31 21:00:53,Selamat pagi
zea_mays07,2014-03-31 07:16:54,"Mencari sinyal, msh di wanareja"
zea_mays07,2014-03-31 05:52:21,Mengembara entah dimana
zea_mays07,2014-03-30 15:20:57,Ini mainnya coutinho makin keren aja
zea_mays07,2014-03-29 14:56:24,RT @ridwankamil: listrik mati dengan sukarela = kerjaan Earth Hour. Listrik mati tanpa diminta = kerjaan PLN
zea_mays07,2014-03-29 03:49:12,Walang#fotoLiburan http://t.co/LFuqqSw1OY
zea_mays07,2014-03-29 03:32:40,Kinjeng 2 #fotoLiburan http://t.co/ESZERjr7f5
zea_mays07,2014-03-29 03:30:18,Buterfly#fotoLiburan http://t.co/ccfuhRYBq5
zea_mays07,2014-03-29 03:28:07,Kinjeng#fotoLiburan http://t.co/1Lt2UtrsrD
zea_mays07,2014-03-26 10:38:00,@kompascom dikirain gampang naklukin asia
zea_mays07,2014-03-26 03:13:54,"Trend baru, pensiun-pinjam uang-nikah lagi. #Wis tua Bukane tobat malah kaya kuwe"
zea_mays07,2014-03-22 14:19:58,"Chelsea 6-0 arsenal, wah wenger lg ngelawak nih"
zea_mays07,2014-03-22 13:39:30,@DAF1792 udah 4-0 aja tuh
zea_mays07,2014-03-22 13:24:19,@DAF1792 wkwkwkwkwkwk
zea_mays07,2014-03-22 13:20:52,"@DAF1792 17minutes 3-0 and red card, this is #wenger1000party,"
zea_mays07,2014-03-20 03:05:53,"Pada 2013, industri kasino korea selatan mampu menarik 2,7juta wisatawan dgn pendapatan mencapai 1,37 triliun won. #aberpikir &amp; bercerminlah"
zea_mays07,2014-03-17 09:55:19,"@kompascom trm aja lah, tp jelas ga bakal coblos tu yg ksh"
zea_mays07,2014-03-14 16:13:27,@ICI_Store mau pesen gmn caranya min?
zea_mays07,2014-03-12 08:21:26,"RT @curvanord_indo: Ausilio: apa para pemain #INTER tetap latihan penalti? Tidak, kami sudah berhenti soal ... http://t.co/j0ut0SXSbs"
zea_mays07,2014-03-07 23:16:35,@putikkhakha hati hati sams mantan kha
zea_mays07,2014-03-06 03:21:14,"@afiekaasatriani he.he.he..tenang, udah mandi kok"
zea_mays07,2014-03-06 01:55:13,"@afiekaasatriani blm mandi lah, ngapain mandi. Ha.ha.ha"
zea_mays07,2014-03-02 06:18:17,@afiekaasatriani dolphin nya n perhatiannya
zea_mays07,2014-03-02 06:15:18,@afiekaasatriani just 4 you
zea_mays07,2014-03-02 06:05:33,@afiekaasatriani cie.cie...sapa tuh :p
zea_mays07,2014-03-02 02:12:17,@afiekaasatriani miriplah kan satu keluarga
zea_mays07,2014-02-28 23:07:16,"Maret, yuk ah jalan jalan"
zea_mays07,2014-02-28 18:03:12,"@rachmanadiaa @afiekaasatriani mau bls, tp mending bsk aja nunggu singgih biar rame"
zea_mays07,2014-02-28 17:51:40,@rachmanadiaa @afiekaasatriani bukan...ak cuma main aja disana
zea_mays07,2014-02-28 17:45:50,@afiekaasatriani @singgihdj @rachmanadiaa males
zea_mays07,2014-02-28 17:43:19,@afiekaasatriani @rachmanadiaa rahma yg ini bukan fik?
zea_mays07,2014-02-28 17:40:48,@afiekaasatriani ha.ha.ha...ya kan ak diem buat dengerin km yg cerewet. #dasar jelek :p
zea_mays07,2014-02-28 17:31:07,@lutfialfiann edyaann...padahal ak bali jam7 be wis males bgt
zea_mays07,2014-02-28 17:26:51,@lutfialfiann lembur terus
zea_mays07,2014-02-28 17:21:01,@afiekaasatriani biarin wek...
zea_mays07,2014-02-28 17:18:51,@afiekaasatriani @singgihdj hayo rahma sapa kuwe? (sambil ntn dunia lain).
zea_mays07,2014-02-27 14:26:55,@afiekaasatriani dasar jelek
zea_mays07,2014-02-27 10:09:38,@curvanord_indo yes I know. Salam dr cambiaso n sneijder.
zea_mays07,2014-02-24 15:34:06,"Evan dimas balas dendam, dia mau nunjukin mana didikan persebaya yg asli.#savepersebaya#savebonek"
zea_mays07,2014-02-23 04:43:51,Ada yg mau beli androidku ga?ada flappy birdnya.
zea_mays07,2014-02-22 09:28:19,"Grazzie.!!#BukanJalanBiasa#tvOne#21-02-14#16.00wib#all about inter milan. Team training, eksklusif JZ4, inter chanel, the match, n museum."
zea_mays07,2014-02-19 14:13:59,"Dimanakah skrg engkau berdoa? di atas sajadah atau di atas dinding facebook, twitter atau media sosial lain? #justreflection"
zea_mays07,2014-02-02 01:41:03,Pembalasan yg paling nikmat adlh menunjukkan kesuksesan kt di dpn org yg sll syirik pd kita. Biarkan hati mereka terus sakit n mati sendiri
zea_mays07,2014-02-02 01:29:25,"Hidup jd lbh menarik, saat kt mengalami hal-hal tak terduga di luar rencana yg kt buat."
zea_mays07,2014-01-31 00:37:36,"3. Percayalah dgn dirimu sendiri. Krn klo km tdk percaya diri,km akan sulit menemukan org yg bener2 tulus n bs dipercaya"
zea_mays07,2014-01-31 00:24:23,"2. Bnyk org mengklaim mrk org baik, tp tidak bs menjaga amanah n kepercayaan. #termasuk-ak"
zea_mays07,2014-01-31 00:16:12,1. Ga perlu capek2 jelasin sesuatu ke org yg ga percaya krn dijelasin atau tdk hasilnya tetep ga percaya.
zea_mays07,2014-01-26 01:03:50,"@ICI_Cilacap siap, mau sapa?oscar atau hazard"
zea_mays07,2014-01-25 05:18:08,Gempa dimana ini?terasa bgt smp pwt
zea_mays07,2014-01-24 14:09:56,@a_vanilisari no.hpmu brp van?dah lama ga ngobrol2
zea_mays07,2014-01-24 11:36:41,@a_vanilisari emang dr dl kan?wkwkwk
zea_mays07,2014-01-24 02:58:04,Min@mypangandaran mau tanya hotel atau penginapan di pangandaran buat 50 org sama kisaran harganya?trm ksh infonya
zea_mays07,2014-01-22 08:53:03,"Bagi kami, traveling adlh petualangan unt mendapat foto yg bagus n menguji adrenalin."
zea_mays07,2014-01-22 07:06:07,@HilmaNurAini mangsude apa kuwe statuse?
zea_mays07,2014-01-22 01:23:48,Baru saja mengirim foto http://t.co/urafSMUnaf
zea_mays07,2014-01-21 23:09:19,After Harvest http://t.co/aei4MKR8vO
zea_mays07,2014-01-21 16:10:03,Guci from other side http://t.co/1goKJKJ6rh
zea_mays07,2014-01-21 12:01:10,Burning the hay http://t.co/aK3YV8FSK4
zea_mays07,2014-01-21 11:23:18,Target n smoke http://t.co/uWdgKrdwYS
zea_mays07,2014-01-19 06:11:30,Crazy#menganti http://t.co/2FIJusUprk
zea_mays07,2014-01-19 02:22:13,@detikcom trus ngurusin banjirnya kapan ?
zea_mays07,2014-01-19 01:05:18,"Di dalam kerja, itulah liburanku. Keren mbah @sudjiwotedjo klo orang orang terapin itu, ga da lg orang stres menghadapi kerjaannya."
zea_mays07,2014-01-18 15:27:49,@DAF1792 semoga arsenal kalah #eh
zea_mays07,2014-01-18 14:47:09,@Orezh ora usah. Ngopi kari fd bae
zea_mays07,2014-01-18 14:07:03,Pengin liat mukanya politisi yg kmrn banyak omong. Skrg dah banjir pada ngumpet. Mana aksinya woy? Ga malu tuh sm rakyat.
zea_mays07,2014-01-18 13:58:20,@Orezh fotone wis dipindah urung?
zea_mays07,2014-01-18 13:55:44,Yg lain pontang panting ngurusin banjir. Presiden kita sibuk luncurin buku baru. #respect
zea_mays07,2014-01-18 05:19:42,Mbolang dadakan....akhirnya smp ayah n menganti
zea_mays07,2014-01-18 03:29:56,Akan ada waktunya aku dan kamu akan traveling bersama. Entah ke mekkah atau ke milan
zea_mays07,2014-01-17 22:39:22,"Carilah calon ibu seperti ibunya imam syafii. Miskin harta, tp kaya ilmu, kaya harapan dan seorang muslim yg taat."
zea_mays07,2014-01-15 14:32:33,@HilmaNurAini kebanjiran jg ma?
zea_mays07,2014-01-13 23:40:57,Ni beneran pow naik kereta bandung pwt 7jam? Mendingan naik bus klo gini sih
zea_mays07,2014-01-13 16:09:53,@viee_NY down down
zea_mays07,2014-01-13 15:57:05,"Bandung malam ini, ak rindu melihat senyumanmu di sini."
zea_mays07,2014-01-12 12:48:01,Naya anindita...cantik natural n keren dgn hasil kreativitasnya.
zea_mays07,2014-01-12 11:51:48,"Di bandung, tp nginep di hotel yg jauh dr cihampelas n dago. Sama aja nyesek ga bs jalan jalan"
zea_mays07,2014-01-12 05:27:25,Judulnya mbolang di bandung. Dari angkot ke angkotâ˜º
zea_mays07,2014-01-12 03:00:35,@DAF1792 cie cie yg tab nya baru. Eh kapan ke sikunir..?
zea_mays07,2014-01-12 02:33:07,Bogor- Bandung #myTripMyAdventure
zea_mays07,2014-01-11 23:59:57,Siap siap buat jalan jalan ke bandung
zea_mays07,2014-01-11 13:45:28,Ada cabe cabean lg dilombokin
zea_mays07,2014-01-11 09:56:56,Klo pemilik klub di luar negri nonton bola di kursi penonton. Tp di sini malah duduk di bench pemain. Pantes aja klub ga bs bayar gaji
zea_mays07,2014-01-11 04:24:17,"Knp klo kt keluar negeri sll ngomong pake bhs.inggris, tp klo bule ke indonesia bukan mereka yg ngomong indonesia, tp kt yg ngomong inggris?"
zea_mays07,2014-01-10 22:20:25,Morning jakarta
zea_mays07,2014-01-10 13:54:13,Dan hujan pun mulai memainkan melodi indahnya
zea_mays07,2014-01-10 10:46:08,Weekend ini rutenya pwt-jakarta-bogor-bandung-pwt.
zea_mays07,2014-01-09 11:27:49,Iya tahu yg abis buka puasa. Ga usah update status jg kali. Ntar pahalanya kurang loh
zea_mays07,2014-01-08 15:04:18,Farhat vs dewi persik. Rame sangat
zea_mays07,2014-01-06 09:07:55,Memegang matahari http://t.co/1x68E6E8mH
zea_mays07,2014-01-05 14:36:45,@kissMerva ha.ha.ha
zea_mays07,2014-01-05 13:35:13,Bunga liar http://t.co/kjJDzIriUW
zea_mays07,2014-01-05 11:22:00,@kissMerva pindah pindah
zea_mays07,2014-01-05 05:25:28,Comix kapan ky gini lg? http://t.co/tXEE3vgVzd
zea_mays07,2014-01-05 04:38:50,Dasarrr km tuh. hahahaha
zea_mays07,2014-01-05 03:03:54,Critane kkn http://t.co/Iv3e0kDMNC
zea_mays07,2014-01-05 02:14:47,@beck_imut @Orezh ana undangan nikahane hofar.
zea_mays07,2014-01-04 23:54:10,Comix http://t.co/jcppI3ikBa
zea_mays07,2014-01-04 23:43:30,UMIKI a few years ago http://t.co/SWpaVROlBG
zea_mays07,2014-01-04 15:10:47,Twiter pny sblh dihapus aja
zea_mays07,2014-01-04 14:58:48,"Orang kaya tp ga punya otak, dah tau jalan masuk ke rmh, tetep buat parkir. Ak kempesin ban nya baru tau rasa."
zea_mays07,2014-01-04 11:46:50,@bepe20s gpp klo dituker hazard
zea_mays07,2014-01-02 11:28:08,@sudjiwotedjo Menyapa senja purwokerto http://t.co/dB62rNSguL
zea_mays07,2014-01-01 12:49:29,"@MissCindyDevina vandersar, g.neville, jap stam,ferdinand, d.irwin roykeane, gigs, beckham, ronaldo, andi cole, d.yorkeâ˜º"
zea_mays07,2013-12-31 15:36:43,Th barunya Accoustic kan with sriwinoto @kampuzfisip bareng ANers n comix
zea_mays07,2013-12-31 07:15:42,"Status teman: pacar mencintaimu dr mata ke hati, tp ibu mencintai dr hati,rahim dan sjk dy blm tw wajah qt...love my mom"
zea_mays07,2013-12-31 04:53:38,"Libur th baru, siap siap buat traveling dadakan. Entah kemana,liat bsk aja"
zea_mays07,2013-12-30 23:48:38,"Esuk esuk udan, turu maning bae lah"
zea_mays07,2013-12-30 22:49:52,@Puthut_10 prei yah
zea_mays07,2013-12-30 13:42:39,jam segini masih di kantor itu??????? sia-siap buat yg mau jd pegawai bank cc: @totirahayu
zea_mays07,2013-12-30 13:39:01,@followiink follback neng
zea_mays07,2013-12-30 13:30:15,2014 jalan jalan keliling indonesia bareng pasangan. 2015 tinggal ke milan.#mimpi
zea_mays07,2013-12-29 15:19:58,@hanitadjohanda ga bs. Kerja kynya smp mlm. Akhir tahun jg
zea_mays07,2013-12-29 13:21:03,Selalu suka kalo liat cewe yg lg main biola
zea_mays07,2013-12-28 14:03:53,@ICI_Purwokerto jam 4?
zea_mays07,2013-12-28 12:43:57,Ini koleksi buku pd kemana?kok bnyk yg gada
zea_mays07,2013-12-28 11:40:17,"""@Metro_TV: Yoona SNSD, Selebritas dengan Kulit Termulus di Korea http://t.co/YMVi8vXWP5"" cc:@ditha_lieszyle"
zea_mays07,2013-12-28 10:13:38,@nidauull @wachyu_ady77 forza inter...non morale mai
zea_mays07,2013-12-27 11:50:38,Purwokerto gelap gulita
zea_mays07,2013-12-27 10:00:41,Ayo kita pulang...!!!
zea_mays07,2013-12-27 09:56:57,@MissCindyDevina msh pd tidur. Gara gara begadang semalem
zea_mays07,2013-12-27 09:36:45,@dewcintya klo km kerja dimana?
zea_mays07,2013-12-27 09:30:26,@dewcintya pegawe bank mah masuk smua
zea_mays07,2013-12-27 08:43:35,"@hanitadjohanda janjian pd ga jelas, akhirnya gagal."
zea_mays07,2013-12-27 08:35:45,@hanitadjohanda lah knp ga jd? Klo pd mau ntn yg sore tinggal ntn aja. Tp ak ga ikut. Coz yg jam 5 nabrak maghrib jg
zea_mays07,2013-12-27 08:28:01,"@hanitadjohanda ouw..,ya udah gpp. Ak di tinggal aja"
zea_mays07,2013-12-27 08:25:34,@hanitadjohanda kmrn si janjiannya yg jam brp?
zea_mays07,2013-12-27 07:55:58,@hanitadjohanda iya
zea_mays07,2013-12-27 07:50:00,@hanitadjohanda kumpul di spec aja dl. Jam stngh tujuh.
zea_mays07,2013-12-27 06:25:41,Ayo kita mbolang lagi !!!
zea_mays07,2013-12-27 04:47:36,Klo mau sholat jumat ga perlu update status jg kali
zea_mays07,2013-12-27 00:42:01,@redyaS_ nonton tp wektu neng kana ngomonge karo inggris. Nek ora film me digawe resume nggo PR
zea_mays07,2013-12-26 20:03:05,@redyaS_ Jumat 27-12-13 kelas mlm diganti jd movie class. Yg mau ikut mohon bls pesan ini. Ditunggu smp jam12.
zea_mays07,2013-12-26 20:02:27,@hanitadjohanda Jumat 27-12-13 kelas mlm diganti jd movie class. Yg mau ikut mohon bls pesan ini. Ditunggu smp jam12.
zea_mays07,2013-12-26 19:40:35,"Saat kau relakan smua keinginanmu, maka ibadahmu hanya krn km taat pd tuhan,bukan krn sesuatu. saat itu jg kau dapatkan ketenangan hati."
zea_mays07,2013-12-26 19:29:16,@vie_ckaaa tp tetep forza inter
zea_mays07,2013-12-26 19:28:18,Etihad msh 100%
zea_mays07,2013-12-26 05:04:47,Kok di twitter ga pernah hujan yah? #twitngaco
zea_mays07,2013-12-25 14:31:59,Ada tetangga yg meninggal dunia kok malah joged oplosan. Masya alloh
zea_mays07,2013-12-25 13:55:48,"@dewcintya 56+(8+8)=72, 72+(9+9)= 90"
zea_mays07,2013-12-25 13:43:40,@dewcintya @BandarLampung #bdl 90 jawabannya
zea_mays07,2013-12-25 01:33:03,Wahai mentari keluarlah dr persembunyianmu. Ayo kita mbolang
zea_mays07,2013-12-24 10:48:02,"Subhanalloh, alhamdulillah, lailaha ilalloh, allohhu akbar."
zea_mays07,2013-12-24 08:17:37,2220
zea_mays07,2013-12-24 08:17:28,2119
zea_mays07,2013-12-24 08:17:24,2118
zea_mays07,2013-12-24 08:17:18,2117
zea_mays07,2013-12-24 08:17:10,2116
zea_mays07,2013-12-24 08:00:23,liburan traveling ke mana ini???
zea_mays07,2013-12-23 05:10:06,@ardhie_fw @17_dimas salam dr pak erik thohir
zea_mays07,2013-12-23 02:56:22,"H-1|| seperti burung yg baru bljr terbang, ak hrs siap mental saat bs terbang. jatuh smp hancurpun, ak sudah siap."
zea_mays07,2013-12-23 00:21:29,"Selamat pagi milanisti, piye kabare?dpt salam dr pak @erickthohir"
zea_mays07,2013-12-22 12:07:12,@KAKA forza inter
zea_mays07,2013-12-22 11:32:50,"Ini film ""the ninja shadow of the tears"" rame jg, tp tetep lbh keren ""cold eyes""."
zea_mays07,2013-12-22 10:53:35,Sepatu futsal jebol.
zea_mays07,2013-12-22 06:48:55,"Andaikan km gendong ibumu tiap hari 1000x muterin ka'bah, itu belum cukup unt membalas setetes darah yg keluar saat ibumu melahirkanmu"
zea_mays07,2013-12-22 06:06:40,@MissCindyDevina david beckham
zea_mays07,2013-12-21 20:59:05,"Sama pacar kemana mana pamitan, cium tangan.Sama ibu, apa pernah ky gt? || Pacar minta apapun sll diturutin,sama ibu ky gt jg ga?#metHariIbu"
zea_mays07,2013-12-21 14:52:32,"Ga dpt bola gpp, yg penting dpt kaki. #Prinsip"
zea_mays07,2013-12-21 14:47:59,Apa harus nunggu timnas u19 main biar dapet medali emas?
zea_mays07,2013-12-21 14:26:53,Apa evan dimas harus main biar bs ngegolin?
zea_mays07,2013-12-21 11:17:01,Sesuatu yg hanya kt lakukan unt diri sendiri akan mati bersama kt; sesuatu yg kt lakukan unt org lain dan dunia akan bertahan abadi
zea_mays07,2013-12-21 04:34:31,Hidup seseorang bs berubah dlm semalam. Jd jgn sok
zea_mays07,2013-12-21 00:42:06,Mimpi yg luar biasa. Trm ksh tuhan
zea_mays07,2013-12-20 12:02:38,@nopel_att grazzie n forza inter
zea_mays07,2013-12-19 20:47:30,"Biar kunikmati setiap rasa untukmu, seperti butiran hujan yg jatuh ke bumi"
zea_mays07,2013-12-19 07:34:30,http://t.co/36xjTu5KA4
zea_mays07,2013-12-19 07:33:53,http://t.co/gFU3Zlvpra
zea_mays07,2013-12-19 07:32:45,http://t.co/0cGHarM5zp
zea_mays07,2013-12-19 07:32:05,http://t.co/Back170aLp
zea_mays07,2013-12-19 07:30:55,Lbh dkt dgn langit http://t.co/0FQt5LhMoL
zea_mays07,2013-12-17 14:06:29,@dee_retnowati @wisnu_widj judul skripsi saya itu.
zea_mays07,2013-12-17 13:55:45,Returan hodie udah nyampe @PlesbolStore trm ksh pelayanannya keren http://t.co/IyOzz5dmwQ
zea_mays07,2013-12-17 11:02:50,@kukuhmen sama sama
zea_mays07,2013-12-17 10:48:27,@chocochipzies betul sekali
zea_mays07,2013-12-16 16:18:03,@kukuhmen @Orezh @astamerasta @kemsoy tek tambaih kiye http://t.co/SUasrTOykE
zea_mays07,2013-12-15 21:57:10,@meli_anelgi ya udah skrg ujan lg smp jam9 gmn?.
zea_mays07,2013-12-15 21:56:10,"Emang bener, mau capek ky apa klo dah biasa bangun jam3 badan tetep seger. #ayobangunpagi"
zea_mays07,2013-12-14 21:14:18,@NenkMeta @HilmaNurAini selamat makan makan
zea_mays07,2013-12-14 14:46:26,City 6-3 arsenal. Amazing match
zea_mays07,2013-12-13 06:09:54,@happyeka pin mu pira?
zea_mays07,2013-12-12 09:51:47,Yes 2-0. Ayo thailand tmbh lg goal nya
zea_mays07,2013-12-11 14:35:37,@MissCindyDevina katanya orang jawa masa ga tau. Wkwkw. Artinya: ga usah dimasukin hati
zea_mays07,2013-12-11 14:30:14,@vie_ckaaa hore jupentos angkat koper dr ucl
zea_mays07,2013-12-11 14:00:52,@MissCindyDevina mboten sisah dados penggalih cah ayu
zea_mays07,2013-12-09 11:26:36,"Dah liat kan bedanya pemain u19 sm u23. Bedanya cm mental, tp efeknya..."
zea_mays07,2013-12-07 23:06:54,@ItsNuansa pada bae kalah yah. Wkwkwkwk
zea_mays07,2013-12-07 14:17:04,@ItsNuansa MU= Modar United
zea_mays07,2013-12-07 13:19:58,"@redyaS_ Jgn lupa bsk jam7 kumpul di kosan hanita, kita main ke pancuran 7"
zea_mays07,2013-12-07 12:40:21,@faritzaaa video ramos main gitar buat ksh kejutan ke cewenya
zea_mays07,2013-12-06 10:27:12,Selalu ada doa terbaik untukmu dlm setiap rintik hujan#lastPuzzle
zea_mays07,2013-12-06 10:17:40,Weekend siap-siap mbolang lg
zea_mays07,2013-12-06 00:13:14,@PLESETANBOLA maksudnya em yu ples?
zea_mays07,2013-12-03 08:22:52,"ingin kembali lg seperti dl, hati sedingin es, Menghapus rasa."
zea_mays07,2013-12-02 14:26:13,"Apa km tahu, siapa moyang raja-raja besar di jawa. Dia cuma seorang perampok. #jngn remehkan org lain krn di masa dpn km ga tau jd apa dia."
zea_mays07,2013-12-01 22:36:56,"@faritzaaa @_Shendi benerkan yg kmrn ak bilang, bale dah hattrick, tp neymar msh sibuk nyari gaya diving yg keren. Wkwkwkwk"
zea_mays07,2013-12-01 14:48:35,@putikkhakha wajib syukuran itu
zea_mays07,2013-12-01 14:38:17,@putikkhakha bnyk job yah?makin sukses aja nih
zea_mays07,2013-12-01 14:29:32,@putikkhakha kemana aja neng kok br nongol?
zea_mays07,2013-12-01 11:30:42,Neng unaputri sejak kapan belajar dj?
zea_mays07,2013-12-01 11:13:53,"@happyeka untung cm nanya, tp km lg baik baik aja kan?"
zea_mays07,2013-12-01 10:35:43,Jgn lupa 14 desember di mafaza purwokerto. Ada tabligh akbar bareng ustadz felixsiauw . Makin tmbh ilmu n keimannya.
zea_mays07,2013-12-01 10:33:15,@happyeka ngapain km tanya ky gt?
zea_mays07,2013-12-01 09:50:43,@AnissaAssegaf dan neymar msh sibuk cari gaya diving yg paling keren. Wkwkwkwk
zea_mays07,2013-12-01 09:01:34,"Ni anak br kelas 4 SD minta uang ke ""biyunge"" ga dikasih trus bilang b***sat, sambil nangis."
zea_mays07,2013-11-30 22:51:35,"This is the final, DESEMBER"
zea_mays07,2013-11-30 22:36:13,"@faritzaaa @RMadridGirl bale udah hattrick, neymar cm sibuk diving. Wkwkwk"
zea_mays07,2013-11-30 13:16:06,Mlm ini Kopi+the lost symbol
zea_mays07,2013-11-29 14:03:34,Menikmati saat-saat terakhir bersama kalian di sini
zea_mays07,2013-11-28 23:41:57,@felixsiauw bang...kapan main ke purwokerto?
zea_mays07,2013-11-25 01:02:57,@r_banato nat..emailnya ga ada. Kirimin lg yah ke email yg zea_mays
zea_mays07,2013-11-24 01:42:47,"@nidauull @YanaMoys ouw ana sing lg ultah yah, selamat-selamat. Cc: lutfialfiann"
zea_mays07,2013-11-22 14:19:10,@redyaS_ aman pak. Anu lg tunggu wong lara
zea_mays07,2013-11-22 13:59:07,Dan harus nginep di margono
zea_mays07,2013-11-22 08:33:07,Update apa yah?
zea_mays07,2013-11-19 04:15:58,"@HilmaNurAini jgn cuma diliat, diprospek sekalian ma"
zea_mays07,2013-11-18 07:51:54,@putikkhakha harus kuat dong
zea_mays07,2013-11-17 23:19:48,Cuti 3 hari buat mudik ke asgard
zea_mays07,2013-11-16 15:25:29,@ntan22 @lutfialfiann tumben si intan ngetwit bener
zea_mays07,2013-11-16 14:45:30,Dan bb nya ga bs di cas. Ya wis wassalam. Balik lg pake hp biasa aja.#sms/telp aja
zea_mays07,2013-11-16 06:10:56,@a_vanilisari jagain emak
zea_mays07,2013-11-16 02:51:39,@iamderi @HilmaNurAini @zea_mays07 wah bahaya ema skrg main santet. Wkwkwkwk...
zea_mays07,2013-11-16 00:39:24,"Perhatikan org2 disekitarmu, jika ada lawan jenis yg sifat n perilakunya mirip dgnmu, mungkin dia tulang rusukmu yg hilang.#metpagi"
zea_mays07,2013-11-15 12:46:32,"Satu-satunya wanita yg ak panggil bidadari cuma dia (the last puzzle). Boleh percaya, boleh jg tdk. Tp klo yg dah kenal baik ak, pst percaya"
zea_mays07,2013-11-15 08:58:37,"the last puzzle....cuma aku, kamu(bc:the last puzzle) dan alloh yang tahu."
zea_mays07,2013-11-15 07:57:48,@InterChannell si om erick ke milan ga ngajak2
zea_mays07,2013-11-15 05:31:50,Ada doa terbaik untukmu dlm setiap rintik hujan #lastpuzzle
zea_mays07,2013-11-15 04:31:28,@HilmaNurAini @iamderi @zea_mays07 ati2 dipelet ma
zea_mays07,2013-11-15 03:20:01,@iamderi @HilmaNurAini makanya jgn dipikirin terus yah
zea_mays07,2013-11-14 14:13:13,"Wahai tuhan yg membuat smua penyakit. Sembuhkan org2 yg ak sayangi dr sakitnya. Pindahkan saja sakitnya padaku, biar ak saja yg merasakannya"
zea_mays07,2013-11-14 14:01:00,@shasymi udu maring ko
zea_mays07,2013-11-14 08:48:37,dalam setiap rintik hujan ada doa terbaik dariku untukmu. #lastpuzzle
zea_mays07,2013-11-14 01:07:52,Bahagia itu sederhana tp bnyk org yg tdk suka dgn kesederhanaan
zea_mays07,2013-11-13 10:38:40,"Berdoalah dikala hujan,"
zea_mays07,2013-11-11 10:33:51,Smua yg ada dibuku keajaiban rezeki udah dilakuin. Yg blm tinggal ikhlas n sabar. Sekalian instrospeksi diri
zea_mays07,2013-11-10 23:50:46,"Saat smua sudah diserahkan pd alloh, yg ada tinggal kedamaian hati.â˜º"
zea_mays07,2013-11-10 23:23:57,"Mimpinya jelas bgt, mg jd pertanda baik"
zea_mays07,2013-11-10 21:09:44,Apakah keinginan unt maju n lbh sukses sama dgn tdk mensyukuri apa yg sudah didapat skrg ini? #butuhjawaban
zea_mays07,2013-11-05 12:43:42,"Ini baru twet kerenRT @putikkhakha: Jika wajah yang membuatmu jatuh cinta, bagaimana caramu mencintai Tuhan yang tak berupa?"
zea_mays07,2013-11-01 11:28:25,Janganlah engkau tertawa berlebihan karena yg berlebihan itu dekat dgn air mata.
zea_mays07,2013-11-01 10:36:38,"Semangat kawan...!! meski jalan kt berbeda, tp tujuannya sama. Jgn lupa berdoa n harus berhasil."
zea_mays07,2013-10-31 14:42:58,@redyaS_ mlm juga. Wkwkwkwkwk
zea_mays07,2013-10-31 14:40:31,"@a_vanilisari vani, folbeck."
zea_mays07,2013-10-31 13:38:06,"Jam segini msh di kantor itu sesuatu...gpp lah, menikmati akhir akhir jd pegawai bank."
zea_mays07,2013-10-31 13:00:24,@nidauull blm selese pa?
zea_mays07,2013-10-31 12:57:57,@putikkhakha cibolang itu daerah mana? Bandung yah
zea_mays07,2013-10-31 12:39:27,@putikkhakha eh itu avatarnya foto dimana?keren suasananya
zea_mays07,2013-10-31 12:34:00,"@putikkhakha ouw..iya lupa, kha kan dl bilangnya tukang bersih-bersih catwalk yah. He.he.he.he..."
zea_mays07,2013-10-31 12:29:58,@putikkhakha ha.ha.ha...dasar ibu-ibu model. Mentang2 dah terkenal.
zea_mays07,2013-10-31 12:24:07,"@putikkhakha tutup matamu, dan rasakan hanya ak yg sll ada di dkt mu.â˜º"
zea_mays07,2013-10-30 20:41:35,"Jam segini Ngobrol sama Tuhan ttg mimpi dan kamu. Ttg keinginan kecil seorang ank yg tak pny apa2, yg ingin ... http://t.co/7Wf3GZ9rYl"
zea_mays07,2013-10-30 12:47:10,RT @ArsenalFLASH_ID: Ozil : â€œSaya memberi jersey saya karena ia adalah pelatih terbaik di ... http://t.co/lTF1Zh1gzS
zea_mays07,2013-10-30 12:42:00,@YanaMoys brownis amanda
zea_mays07,2013-10-30 05:57:11,@putikkhakha udah dicatet
zea_mays07,2013-10-30 05:28:38,"@NenkMeta dasar ibu ibu, nontone gosip"
zea_mays07,2013-10-30 01:02:55,Realizing the third puzzle of Project D. ( _ _ D _ )
zea_mays07,2013-10-29 15:22:01,"@meli_anelgi ya mesti, kan anake sing duwe polisi. Untunge dalan ngarep umah ora ditutup sekalian."
zea_mays07,2013-10-29 11:57:37,@Gallihsnoopy skrg kerja di bank jateng pa?
zea_mays07,2013-10-26 22:26:30,"King Jono, main inter berpesta. #noJONO,noParty"
zea_mays07,2013-10-26 10:49:39,"Doa sederhana dgn efek luar biasa. ""alfatihah buat ibu trus bilang, tuhan pinjamkan sedikit pengetahuanmu. Ak hanya ingin buat ibu bangga."""
zea_mays07,2013-10-26 09:59:42,Trm ksh Djakarta unt keberuntungan hari ini. Smp jumpa bln dpn. http://t.co/DKSSULHt27
zea_mays07,2013-10-26 09:31:44,Alhmdlh bisa leyeh leyeh nyampe pwt. http://t.co/oFfCpG0iYg
zea_mays07,2013-10-26 01:09:09,Uin syarif hidayatullah. Akhirnya nyampe
zea_mays07,2013-10-25 15:44:57,@happyeka lg knp km ngetwit ky gt? http://t.co/NKcLuJ4AAx
zea_mays07,2013-10-25 15:44:11,Lg kenapa km ngetwit ky gt?
